order_id,user_id,date_time,status,promocode
50001,1553,2025-05-23 08:59:11,оплачен,
50002,1355,2025-11-08 13:32:17,оплачен,WELCOME10
50003,1303,2026-04-06 08:08:22,оплачен,
50004,1496,2025-10-07 14:04:46,оплачен,
50005,1658,2026-03-19 22:29:24,оплачен,
50006,1768,2025-04-28 14:24:09,оплачен,
50007,1974,2025-11-03 22:40:24,оплачен,
50008,1227,2025-08-19 02:51:47,оплачен,
50009,1236,2025-12-22 02:10:10,оплачен,SALE5
50010,1873,2025-09-02 20:21:44,отменен,
50011,1892,2025-08-28 22:16:01,оплачен,
50012,1455,2026-02-16 09:17:53,оплачен,
50013,1013,2025-04-15 15:48:50,оплачен,
50014,1210,2025-10-11 02:52:58,оплачен,SUMMER20
50015,1741,2026-02-12 15:05:56,оплачен,SALE5
50016,1397,2025-05-21 10:46:46,оплачен,SUMMER20
50017,1100,2025-05-05 09:11:59,оплачен,
50018,1031,2025-04-12 03:38:53,оплачен,WELCOME10
50019,1898,2026-01-26 14:07:06,оплачен,SUMMER20
50020,1528,2025-09-19 22:45:39,оплачен,
50021,1649,2026-03-31 11:12:42,оплачен,
50022,1329,2025-08-27 16:55:35,оплачен,
50023,1166,2025-05-17 04:25:15,отменен,
50024,1459,2025-04-18 21:28:46,оплачен,
50025,1822,2025-05-05 04:29:22,оплачен,
50026,1952,2025-12-11 13:09:06,оплачен,
50027,1982,2026-01-01 04:28:02,оплачен,
50028,1993,2026-05-12 03:46:45,оплачен,
50029,1100,2025-04-06 12:41:20,оплачен,
50030,1621,2025-03-13 04:26:54,отменен,WELCOME10
50031,1855,2025-02-08 19:24:05,оплачен,
50032,1173,2025-12-11 03:01:21,оплачен,WELCOME10
50033,1749,2025-09-14 17:04:53,оплачен,
50034,1162,2025-05-26 12:18:22,оплачен,SALE5
50035,1905,2025-12-27 12:42:53,оплачен,
50036,1728,2025-11-28 21:51:51,оплачен,
50037,1776,2026-01-30 03:08:38,оплачен,
50038,1263,2025-07-28 05:05:51,оплачен,
50039,1804,2025-08-29 19:08:31,отменен,
50040,1274,2025-06-12 17:17:04,оплачен,
50041,1003,2026-05-12 22:10:36,отменен,SALE5
50042,1028,2025-08-03 03:28:43,оплачен,
50043,1326,2025-12-01 12:41:08,оплачен,
50044,1940,2026-01-28 06:03:18,оплачен,WELCOME10
50045,1149,2025-09-02 02:56:20,оплачен,
50046,1540,2025-03-27 20:31:01,оплачен,
50047,1488,2026-03-09 09:01:01,оплачен,
50048,1822,2025-04-19 23:16:31,оплачен,
50049,1438,2026-01-10 15:45:38,оплачен,
50050,1065,2026-03-03 23:00:10,оплачен,
50051,1356,2025-06-20 20:03:06,оплачен,
50052,1533,2025-08-29 17:11:30,оплачен,
50053,1252,2025-08-29 00:46:27,оплачен,WELCOME10
50054,1235,2025-11-11 06:01:41,оплачен,
50055,1227,2025-06-26 03:43:18,оплачен,
50056,1525,2025-11-08 17:42:10,оплачен,SUMMER20
50057,1313,2025-09-07 02:41:26,оплачен,WELCOME10
50058,1049,2025-05-30 21:01:48,оплачен,
50059,1118,2025-10-13 01:59:53,оплачен,
50060,1054,2025-10-15 19:37:27,отменен,
50061,1650,2025-07-13 09:59:41,отменен,
50062,1565,2025-10-02 00:12:55,оплачен,
50063,1044,2025-05-31 21:41:46,отменен,SUMMER20
50064,1815,2025-06-15 19:49:42,оплачен,SALE5
50065,1053,2025-12-25 08:15:33,оплачен,
50066,1586,2025-05-29 01:11:39,оплачен,
50067,1558,2026-01-09 11:25:08,оплачен,SUMMER20
50068,1525,2025-10-09 01:47:19,оплачен,
50069,1677,2025-03-19 01:00:50,оплачен,
50070,1102,2025-09-12 03:23:53,отменен,
50071,1792,2025-12-31 13:01:28,оплачен,
50072,1770,2025-02-16 11:36:27,оплачен,
50073,1982,2025-11-22 06:23:20,оплачен,WELCOME10
50074,1849,2026-02-15 13:13:36,оплачен,WELCOME10
50075,1868,2025-08-13 23:13:33,оплачен,
50076,1398,2025-05-24 11:21:55,оплачен,
50077,1138,2025-05-12 12:35:21,отменен,
50078,1675,2026-03-25 15:35:55,оплачен,WELCOME10
50079,1921,2025-10-10 00:44:35,оплачен,
50080,1387,2025-12-28 17:37:02,оплачен,SUMMER20
50081,1111,2025-05-02 15:58:04,оплачен,WELCOME10
50082,1614,2026-02-14 07:50:13,отменен,
50083,1017,2025-12-28 15:16:44,оплачен,
50084,1780,2025-12-23 13:06:45,оплачен,WELCOME10
50085,1182,2025-08-19 14:43:16,оплачен,WELCOME10
50086,1884,2025-06-05 14:43:33,оплачен,
50087,1536,2025-07-06 12:26:51,оплачен,
50088,1541,2026-03-11 07:58:13,оплачен,
50089,1171,2025-12-26 10:32:52,оплачен,
50090,1409,2025-06-13 02:16:27,оплачен,
50091,1740,2025-11-02 13:53:22,оплачен,SUMMER20
50092,1378,2025-08-20 07:12:58,оплачен,WELCOME10
50093,1188,2025-09-09 04:08:28,оплачен,
50094,1858,2025-12-24 21:01:44,оплачен,WELCOME10
50095,1230,2025-11-08 07:54:00,отменен,
50096,1833,2025-12-25 10:38:46,оплачен,
50097,1852,2025-05-28 23:10:28,оплачен,
50098,1119,2025-07-25 15:34:19,оплачен,
50099,1156,2025-08-17 02:00:57,оплачен,
50100,1784,2026-02-02 00:16:01,оплачен,WELCOME10
50101,1687,2025-09-08 05:07:28,оплачен,
50102,1465,2025-06-21 18:32:02,оплачен,WELCOME10
50103,1104,2025-12-10 11:19:44,оплачен,
50104,1604,2025-03-23 08:38:03,оплачен,
50105,1698,2025-07-18 05:26:44,отменен,WELCOME10
50106,1972,2025-08-24 12:59:56,оплачен,
50107,1795,2026-01-23 19:46:52,оплачен,SUMMER20
50108,1502,2025-06-16 21:42:18,отменен,SALE5
50109,1693,2025-07-29 15:50:25,оплачен,
50110,1682,2025-11-27 12:27:08,оплачен,WELCOME10
50111,1699,2025-07-08 23:18:47,оплачен,SUMMER20
50112,1175,2025-07-05 18:11:14,оплачен,
50113,1734,2025-12-20 09:26:10,оплачен,
50114,1745,2025-03-15 01:42:18,оплачен,SUMMER20
50115,1674,2025-11-15 13:51:37,оплачен,
50116,1421,2025-08-30 09:27:00,оплачен,
50117,1134,2026-01-22 07:07:58,оплачен,WELCOME10
50118,1391,2025-07-16 21:46:55,оплачен,
50119,1992,2025-08-19 10:38:03,оплачен,
50120,1736,2025-10-29 05:45:11,оплачен,
50121,1501,2025-07-12 20:36:45,оплачен,
50122,1665,2025-12-02 23:15:56,оплачен,WELCOME10
50123,1033,2025-11-08 21:53:56,оплачен,
50124,1055,2025-10-03 21:03:10,оплачен,
50125,1954,2025-03-24 06:45:57,оплачен,WELCOME10
50126,1519,2025-12-04 21:40:22,оплачен,SUMMER20
50127,1756,2025-02-13 17:27:42,оплачен,
50128,1825,2025-10-18 21:28:18,оплачен,
50129,1638,2025-06-13 03:13:13,оплачен,
50130,1012,2025-10-04 16:02:15,оплачен,
50131,1528,2025-09-01 12:14:45,оплачен,
50132,1720,2025-06-27 09:58:46,оплачен,
50133,1555,2025-06-08 21:51:57,оплачен,WELCOME10
50134,1373,2025-03-13 22:24:41,оплачен,WELCOME10
50135,1484,2025-03-04 21:16:17,оплачен,
50136,1973,2025-06-27 09:56:06,отменен,
50137,1647,2025-11-15 17:37:26,оплачен,
50138,1228,2025-12-08 00:00:43,оплачен,
50139,1623,2025-01-23 16:03:42,оплачен,
50140,1307,2025-09-07 00:06:29,оплачен,WELCOME10
50141,1457,2025-08-23 07:23:18,оплачен,
50142,1160,2025-10-23 17:51:58,оплачен,
50143,1331,2025-02-18 13:56:17,оплачен,SUMMER20
50144,1776,2025-10-27 02:46:58,оплачен,
50145,1225,2025-12-09 03:36:16,оплачен,
50146,1983,2025-08-12 15:45:25,оплачен,
50147,1729,2025-02-24 08:03:29,отменен,SALE5
50148,1504,2025-02-16 10:01:43,оплачен,WELCOME10
50149,1456,2026-01-11 03:17:25,отменен,
50150,1045,2025-01-01 22:25:44,оплачен,
50151,1214,2026-04-24 05:43:07,отменен,
50152,1059,2025-08-11 18:36:17,оплачен,
50153,1644,2025-08-05 04:29:56,оплачен,
50154,1616,2025-10-20 09:36:11,оплачен,WELCOME10
50155,1195,2025-10-15 06:08:53,отменен,
50156,1925,2025-08-23 11:54:28,оплачен,SALE5
50157,1489,2025-07-15 14:01:51,оплачен,
50158,1157,2025-05-11 11:53:17,отменен,WELCOME10
50159,1610,2025-11-11 06:42:17,оплачен,
50160,1226,2025-08-12 10:03:58,оплачен,SALE5
50161,1412,2025-07-29 01:28:23,отменен,
50162,1205,2025-03-13 01:43:05,оплачен,SALE5
50163,1079,2025-06-10 22:56:20,оплачен,
50164,1124,2025-06-07 15:30:13,оплачен,SALE5
50165,1471,2025-09-06 16:08:57,оплачен,
50166,1940,2026-03-13 04:22:04,оплачен,
50167,1218,2025-02-11 20:31:58,отменен,
50168,1516,2025-03-21 06:57:14,оплачен,
50169,1602,2025-09-27 14:02:18,оплачен,
50170,1104,2025-09-03 14:34:05,оплачен,
50171,1393,2026-04-25 14:37:12,оплачен,
50172,1631,2025-04-05 18:02:07,оплачен,
50173,1645,2025-02-05 22:57:19,оплачен,WELCOME10
50174,1824,2026-04-25 18:20:02,оплачен,
50175,1608,2025-05-31 07:22:15,оплачен,WELCOME10
50176,1980,2025-12-04 02:47:08,оплачен,
50177,1434,2025-08-11 13:12:52,оплачен,WELCOME10
50178,1331,2025-03-18 14:06:37,оплачен,
50179,1143,2025-12-09 23:48:36,оплачен,WELCOME10
50180,1800,2025-09-14 09:42:15,оплачен,
50181,1540,2025-04-23 07:55:48,оплачен,
50182,1278,2025-12-01 11:24:16,оплачен,
50183,1233,2025-07-05 13:40:35,оплачен,WELCOME10
50184,1529,2025-08-16 22:42:05,оплачен,
50185,1571,2025-07-20 17:12:42,оплачен,
50186,1090,2026-03-14 17:58:59,оплачен,
50187,1492,2025-11-22 18:55:26,оплачен,WELCOME10
50188,1199,2026-02-07 08:39:31,оплачен,
50189,1362,2025-09-26 13:56:33,оплачен,
50190,1441,2025-06-13 07:05:15,оплачен,WELCOME10
50191,1026,2025-04-27 15:38:29,оплачен,WELCOME10
50192,1025,2025-05-10 04:24:19,отменен,
50193,1394,2025-06-08 17:46:17,оплачен,
50194,1507,2025-11-27 09:54:44,отменен,WELCOME10
50195,1301,2026-02-05 14:11:46,оплачен,
50196,1339,2025-05-29 14:56:54,оплачен,SUMMER20
50197,1267,2026-04-18 02:38:52,оплачен,
50198,1461,2025-11-17 13:13:53,оплачен,
50199,1693,2025-08-01 11:23:40,оплачен,SALE5
50200,1456,2026-02-19 10:54:21,оплачен,
50201,1360,2025-10-25 17:11:54,оплачен,
50202,1068,2026-02-24 00:18:27,оплачен,
50203,1863,2025-07-29 19:48:36,оплачен,WELCOME10
50204,1412,2025-07-15 01:34:39,оплачен,SALE5
50205,1971,2025-09-13 05:12:22,оплачен,
50206,1491,2026-01-27 21:15:27,оплачен,SALE5
50207,1833,2025-11-14 07:43:54,отменен,
50208,1049,2025-05-02 07:20:24,оплачен,SALE5
50209,1687,2025-08-20 05:22:50,оплачен,
50210,1564,2025-12-01 22:42:42,оплачен,WELCOME10
50211,1102,2025-08-15 12:42:17,отменен,
50212,1216,2025-09-25 14:32:20,оплачен,
50213,1438,2025-10-15 06:22:26,оплачен,SALE5
50214,1700,2026-02-04 11:17:23,оплачен,
50215,1569,2026-03-30 14:39:50,оплачен,
50216,1559,2025-06-12 17:47:19,оплачен,SUMMER20
50217,1159,2025-08-14 05:26:08,оплачен,
50218,1489,2025-07-07 20:25:39,отменен,
50219,1686,2026-03-23 12:12:48,оплачен,SALE5
50220,1242,2025-09-25 19:36:53,оплачен,SALE5
50221,1794,2025-05-17 16:27:40,оплачен,
50222,1753,2025-02-10 17:40:05,оплачен,
50223,1882,2025-07-09 05:05:44,оплачен,
50224,1005,2026-01-27 13:01:39,оплачен,WELCOME10
50225,1596,2025-06-04 22:52:34,оплачен,
50226,1820,2025-02-14 17:48:51,оплачен,WELCOME10
50227,1361,2025-07-24 23:44:34,оплачен,
50228,1459,2025-03-14 03:24:44,оплачен,SUMMER20
50229,1248,2025-10-13 10:33:24,оплачен,
50230,1566,2026-01-17 01:28:18,оплачен,
50231,1673,2025-05-19 15:53:50,отменен,
50232,1946,2025-04-19 00:41:18,оплачен,
50233,1422,2026-01-24 11:39:54,оплачен,
50234,1923,2025-06-08 01:24:44,отменен,
50235,1738,2025-07-26 20:57:05,оплачен,
50236,1015,2025-11-20 08:47:42,отменен,SUMMER20
50237,1736,2025-07-20 09:09:29,оплачен,
50238,1573,2025-06-08 23:51:08,оплачен,
50239,1122,2025-11-19 03:39:08,оплачен,SUMMER20
50240,1277,2026-02-17 08:25:03,отменен,SUMMER20
50241,1558,2025-11-13 14:34:56,оплачен,
50242,1453,2025-10-05 04:54:04,отменен,SUMMER20
50243,1390,2025-12-11 14:17:46,оплачен,
50244,1294,2025-12-26 12:03:41,оплачен,
50245,1574,2025-09-23 09:30:40,оплачен,
50246,1598,2025-02-28 02:47:45,оплачен,WELCOME10
50247,1446,2025-03-18 20:10:34,отменен,
50248,1210,2025-11-04 12:35:55,отменен,
50249,1590,2026-03-18 11:36:09,оплачен,
50250,1714,2025-08-18 19:06:01,оплачен,WELCOME10
50251,1302,2025-08-21 22:38:39,оплачен,
50252,1909,2025-05-27 06:20:22,оплачен,
50253,1223,2025-08-13 17:19:43,оплачен,
50254,1734,2026-04-18 12:57:38,оплачен,
50255,1003,2026-03-31 22:05:02,оплачен,WELCOME10
50256,1990,2025-05-18 17:10:53,оплачен,
50257,1518,2025-09-16 04:18:21,оплачен,
50258,1093,2026-01-09 18:46:15,оплачен,
50259,1520,2026-03-18 23:40:03,оплачен,
50260,1428,2025-10-23 11:54:34,оплачен,
50261,1493,2025-06-11 16:18:37,оплачен,
50262,1235,2025-11-05 06:29:18,оплачен,SUMMER20
50263,1620,2025-08-13 15:46:53,оплачен,SALE5
50264,1161,2025-08-16 17:27:15,оплачен,
50265,1721,2025-04-04 09:16:44,оплачен,
50266,1752,2025-07-17 09:33:35,отменен,
50267,1331,2025-01-12 23:17:22,оплачен,
50268,1333,2026-01-31 22:16:45,оплачен,WELCOME10
50269,1050,2026-01-02 18:33:27,оплачен,
50270,1523,2025-12-19 10:37:13,оплачен,
50271,1863,2025-06-26 15:20:53,оплачен,
50272,1668,2025-05-22 07:50:19,оплачен,
50273,1492,2026-01-10 21:58:06,оплачен,
50274,1582,2026-04-25 12:00:28,оплачен,
50275,1681,2025-10-19 21:03:34,оплачен,
50276,1272,2025-11-29 02:53:44,оплачен,WELCOME10
50277,1580,2025-06-25 06:26:00,оплачен,
50278,1867,2025-09-03 08:58:10,отменен,
50279,1252,2025-07-10 20:32:49,оплачен,
50280,1560,2026-01-15 03:36:40,оплачен,
50281,1696,2025-06-20 16:34:47,оплачен,
50282,1832,2025-12-04 15:31:02,отменен,
50283,1699,2025-10-12 14:34:51,оплачен,SUMMER20
50284,1090,2026-01-09 15:30:30,оплачен,WELCOME10
50285,1446,2025-03-26 23:51:22,оплачен,
50286,1332,2026-02-15 17:53:13,оплачен,
50287,1139,2026-01-02 14:05:26,оплачен,SALE5
50288,1357,2026-01-04 17:35:54,оплачен,
50289,1601,2025-03-20 14:02:46,оплачен,
50290,1274,2025-05-16 01:23:39,оплачен,SALE5
50291,1019,2026-02-21 19:48:12,оплачен,
50292,1983,2025-07-05 01:14:43,оплачен,WELCOME10
50293,1311,2025-05-11 01:17:53,оплачен,
50294,1870,2025-05-03 13:07:26,оплачен,
50295,1886,2025-08-07 01:16:36,оплачен,
50296,1978,2025-06-03 23:29:28,оплачен,
50297,1154,2026-03-24 20:52:21,оплачен,SUMMER20
50298,1390,2025-12-26 04:15:49,оплачен,
50299,1260,2025-09-26 16:42:16,оплачен,
50300,1620,2025-09-13 22:01:03,оплачен,
50301,1883,2025-08-26 06:33:29,оплачен,
50302,1797,2025-08-05 16:38:24,оплачен,
50303,1571,2025-09-02 04:19:15,оплачен,
50304,1125,2025-03-30 08:36:39,оплачен,SALE5
50305,1354,2025-10-14 08:42:35,оплачен,
50306,1273,2026-02-07 21:21:33,оплачен,
50307,1619,2025-11-20 00:17:06,оплачен,
50308,1811,2025-11-30 00:00:23,отменен,
50309,1245,2025-11-07 03:17:26,оплачен,WELCOME10
50310,1848,2025-12-01 00:27:41,оплачен,
50311,1450,2025-05-20 22:35:59,оплачен,
50312,1930,2025-07-10 15:33:22,оплачен,
50313,1247,2026-04-02 09:23:55,отменен,
50314,1520,2026-03-03 12:55:17,оплачен,
50315,1141,2025-11-04 04:42:38,оплачен,SUMMER20
50316,1362,2025-10-07 17:22:53,оплачен,
50317,1008,2025-06-30 01:57:03,оплачен,
50318,1478,2025-12-07 06:55:17,оплачен,
50319,1352,2026-02-02 06:39:05,отменен,
50320,1996,2025-06-16 13:48:51,оплачен,
50321,1495,2025-11-24 10:28:20,оплачен,
50322,1606,2025-11-16 08:58:46,оплачен,
50323,1833,2025-12-14 09:50:55,оплачен,
50324,1427,2026-02-23 19:23:26,отменен,SUMMER20
50325,1039,2025-10-10 00:53:48,оплачен,
50326,1593,2025-06-23 23:46:06,оплачен,
50327,1187,2026-03-21 21:56:54,оплачен,WELCOME10
50328,1596,2025-07-31 02:29:28,оплачен,
50329,1600,2025-03-21 10:19:28,оплачен,
50330,1754,2025-02-22 01:00:30,оплачен,
50331,1854,2025-05-23 17:54:57,оплачен,SUMMER20
50332,1093,2025-11-28 05:13:22,оплачен,
50333,1086,2026-03-05 23:21:02,оплачен,
50334,1044,2025-04-12 22:18:56,оплачен,WELCOME10
50335,1137,2025-03-13 17:00:51,оплачен,
50336,1421,2025-08-02 05:36:00,оплачен,WELCOME10
50337,1074,2026-03-09 20:52:15,оплачен,
50338,1548,2025-10-19 21:39:25,оплачен,
50339,1613,2025-12-04 00:35:09,оплачен,SUMMER20
50340,1988,2025-09-10 22:06:43,оплачен,WELCOME10
50341,1512,2025-11-16 11:14:33,оплачен,
50342,1156,2025-08-17 12:03:13,оплачен,
50343,1938,2026-01-21 15:06:31,отменен,SUMMER20
50344,1255,2025-07-14 01:09:49,оплачен,
50345,1171,2026-02-10 16:36:11,оплачен,WELCOME10
50346,1981,2025-12-30 21:31:40,отменен,WELCOME10
50347,1728,2025-11-12 00:53:46,оплачен,
50348,1170,2025-12-15 05:18:17,оплачен,
50349,1764,2025-12-03 12:32:22,отменен,
50350,1872,2025-06-19 12:06:14,оплачен,WELCOME10
50351,1322,2025-05-11 00:14:35,оплачен,WELCOME10
50352,1567,2026-01-09 22:26:56,отменен,
50353,1456,2026-03-09 01:54:57,оплачен,SUMMER20
50354,1944,2025-11-03 15:22:37,отменен,
50355,1603,2026-04-12 15:13:28,оплачен,SALE5
50356,1790,2025-08-17 14:02:22,оплачен,
50357,1613,2025-10-19 00:40:40,оплачен,SALE5
50358,1155,2025-10-13 02:57:31,отменен,
50359,1889,2025-07-23 17:42:06,оплачен,
50360,1349,2025-08-11 00:13:51,оплачен,
50361,1451,2025-09-01 06:09:06,оплачен,WELCOME10
50362,1876,2026-03-18 01:29:35,оплачен,
50363,1653,2025-06-22 16:32:09,оплачен,WELCOME10
50364,1173,2026-02-01 14:41:50,отменен,
50365,1010,2025-07-11 15:40:31,оплачен,
50366,1740,2025-08-26 16:45:58,оплачен,SALE5
50367,1265,2026-05-04 03:49:06,оплачен,
50368,1438,2025-09-01 14:24:22,оплачен,
50369,1760,2025-10-18 00:10:09,оплачен,
50370,1247,2026-01-03 04:47:42,оплачен,
50371,1667,2025-08-18 05:40:44,оплачен,SUMMER20
50372,1546,2026-02-02 07:45:55,оплачен,
50373,1499,2025-07-04 16:23:36,оплачен,
50374,1129,2025-08-23 01:31:56,оплачен,
50375,1672,2026-02-14 23:08:03,оплачен,
50376,1601,2025-06-01 16:52:49,оплачен,
50377,1605,2026-02-25 07:57:10,оплачен,WELCOME10
50378,1327,2025-09-06 20:17:54,оплачен,SALE5
50379,1753,2025-03-31 12:16:17,оплачен,
50380,1835,2026-01-16 15:19:36,оплачен,
50381,1980,2025-11-02 17:16:08,оплачен,
50382,1404,2026-01-10 16:28:30,оплачен,
50383,1629,2025-10-03 17:58:19,оплачен,
50384,1606,2025-12-28 23:46:42,оплачен,
50385,1675,2026-03-06 08:12:14,оплачен,
50386,1611,2025-08-20 04:54:18,оплачен,SUMMER20
50387,1625,2025-05-30 19:25:24,оплачен,
50388,1359,2026-03-31 16:17:31,оплачен,WELCOME10
50389,1603,2026-04-24 01:32:41,оплачен,SUMMER20
50390,1858,2025-11-03 16:43:32,отменен,
50391,1718,2025-11-29 16:55:02,отменен,WELCOME10
50392,1017,2025-11-25 16:54:25,оплачен,WELCOME10
50393,1274,2025-05-10 07:51:35,оплачен,SALE5
50394,1685,2025-09-20 21:06:45,оплачен,WELCOME10
50395,1116,2025-03-09 03:15:23,оплачен,
50396,1861,2025-09-24 00:48:24,оплачен,WELCOME10
50397,1980,2025-09-28 21:15:15,отменен,
50398,1693,2025-09-17 05:15:19,оплачен,
50399,1091,2025-11-04 06:40:13,отменен,
50400,1082,2025-02-12 13:06:32,оплачен,
50401,1324,2025-11-09 12:19:02,оплачен,
50402,1961,2025-10-07 10:01:13,оплачен,WELCOME10
50403,1114,2025-08-20 16:11:25,отменен,
50404,1769,2025-03-13 00:12:13,оплачен,
50405,1058,2026-01-21 01:43:25,оплачен,
50406,1154,2026-05-28 15:35:39,оплачен,
50407,1877,2025-03-08 09:08:22,оплачен,WELCOME10
50408,1404,2026-03-16 12:22:16,оплачен,
50409,1628,2025-04-19 01:19:19,оплачен,WELCOME10
50410,1855,2025-02-25 02:54:11,оплачен,
50411,1266,2025-03-29 01:35:13,оплачен,
50412,1315,2025-03-23 18:33:43,оплачен,
50413,1715,2025-06-21 12:35:21,оплачен,
50414,1041,2025-02-06 11:51:58,оплачен,
50415,1105,2025-06-07 18:39:06,оплачен,
50416,1901,2025-09-27 18:05:19,оплачен,SUMMER20
50417,1890,2025-06-23 10:36:47,отменен,
50418,1193,2025-08-26 04:10:14,отменен,
50419,1401,2025-07-25 04:22:52,оплачен,
50420,1278,2025-11-18 08:14:02,оплачен,
50421,1354,2025-11-10 05:16:25,оплачен,
50422,1749,2026-01-25 07:20:56,оплачен,
50423,1937,2025-05-09 05:07:41,оплачен,SUMMER20
50424,1733,2025-11-08 02:54:13,оплачен,
50425,1580,2025-03-27 09:11:37,оплачен,
50426,1709,2025-12-22 22:45:33,оплачен,
50427,1256,2025-12-12 16:16:02,оплачен,
50428,1651,2025-05-03 00:11:38,оплачен,
50429,1824,2025-12-18 09:12:33,оплачен,
50430,1947,2026-04-02 20:21:56,оплачен,
50431,1661,2025-08-09 17:04:18,оплачен,
50432,1099,2026-04-13 11:16:09,отменен,
50433,1588,2026-01-27 05:07:50,оплачен,WELCOME10
50434,1282,2025-09-24 11:08:01,оплачен,SALE5
50435,1883,2025-06-10 10:59:52,оплачен,
50436,1403,2025-05-06 20:19:47,оплачен,WELCOME10
50437,1109,2025-10-29 03:28:41,оплачен,
50438,1700,2026-01-04 15:53:49,оплачен,SUMMER20
50439,1199,2026-01-13 20:43:49,оплачен,WELCOME10
50440,1303,2026-01-03 23:22:06,оплачен,
50441,1327,2025-10-28 00:25:37,оплачен,
50442,1154,2026-02-06 21:43:21,оплачен,WELCOME10
50443,1552,2025-11-08 09:54:57,оплачен,WELCOME10
50444,1645,2025-06-11 16:50:49,отменен,SUMMER20
50445,1405,2026-01-14 23:50:09,оплачен,
50446,1462,2025-05-16 07:20:55,оплачен,WELCOME10
50447,1132,2025-06-29 20:56:38,оплачен,
50448,1791,2026-01-04 17:55:27,оплачен,
50449,1874,2025-09-15 19:31:11,оплачен,
50450,1084,2026-01-02 09:26:09,оплачен,SALE5
50451,1399,2025-10-01 19:41:31,оплачен,
50452,1754,2025-02-06 10:22:33,оплачен,
50453,1628,2025-04-28 19:39:22,оплачен,
50454,1109,2025-11-21 06:39:32,оплачен,
50455,1221,2025-05-30 17:46:32,оплачен,
50456,1904,2025-12-13 02:50:49,оплачен,WELCOME10
50457,1553,2025-10-13 13:23:07,оплачен,
50458,1368,2025-12-14 11:52:09,оплачен,
50459,1147,2026-02-20 19:48:10,отменен,
50460,1112,2025-10-27 07:24:03,оплачен,
50461,1615,2025-02-15 18:17:36,оплачен,
50462,1558,2026-01-30 18:57:22,отменен,SUMMER20
50463,1924,2025-03-06 15:00:11,оплачен,WELCOME10
50464,1494,2025-04-14 01:52:56,оплачен,
50465,1505,2025-07-01 17:56:47,оплачен,
50466,1475,2025-04-16 21:12:18,оплачен,
50467,1836,2025-09-13 02:25:39,оплачен,
50468,1890,2025-09-01 11:01:10,оплачен,
50469,1271,2025-11-18 17:12:36,оплачен,WELCOME10
50470,1995,2025-01-09 04:06:25,оплачен,
50471,1421,2025-08-05 11:15:22,оплачен,SUMMER20
50472,1897,2025-03-22 14:36:12,оплачен,
50473,1707,2025-02-18 10:09:51,оплачен,
50474,1367,2025-07-23 08:52:45,оплачен,
50475,1280,2025-06-10 09:55:06,оплачен,
50476,1283,2025-04-27 02:14:47,оплачен,SALE5
50477,1040,2025-11-05 05:00:03,оплачен,WELCOME10
50478,1959,2025-11-11 11:25:36,отменен,
50479,1189,2025-08-13 15:44:44,оплачен,
50480,1164,2026-03-30 15:29:03,оплачен,
50481,1994,2026-01-20 15:30:52,отменен,
50482,1989,2025-05-03 11:11:25,оплачен,
50483,1536,2025-10-10 15:32:27,оплачен,WELCOME10
50484,1536,2025-07-10 11:04:53,оплачен,WELCOME10
50485,1004,2025-12-24 23:34:04,оплачен,
50486,1835,2026-03-25 01:12:38,оплачен,WELCOME10
50487,1290,2026-02-28 12:47:57,оплачен,
50488,1953,2025-11-16 10:41:37,оплачен,
50489,1433,2025-03-19 20:32:06,оплачен,WELCOME10
50490,1471,2025-07-05 08:07:36,оплачен,
50491,1181,2025-07-03 09:42:56,оплачен,
50492,1248,2025-10-30 05:14:04,оплачен,
50493,1628,2025-05-24 21:50:09,оплачен,SUMMER20
50494,1279,2025-10-10 21:03:30,оплачен,
50495,1877,2025-05-27 15:39:35,оплачен,
50496,1581,2025-11-25 22:11:33,оплачен,
50497,1863,2025-07-07 02:08:52,оплачен,SUMMER20
50498,1254,2025-10-28 10:34:56,оплачен,
50499,1181,2025-08-26 13:03:28,оплачен,
50500,1830,2025-06-29 09:15:11,оплачен,
50501,1681,2025-12-18 04:33:41,отменен,
50502,1825,2025-06-30 06:31:25,отменен,
50503,1509,2025-08-03 15:58:26,оплачен,
50504,1761,2025-10-06 02:45:41,оплачен,WELCOME10
50505,1700,2026-03-21 16:37:22,оплачен,
50506,1566,2026-01-23 03:48:58,оплачен,WELCOME10
50507,1326,2026-01-04 06:22:01,оплачен,
50508,1357,2026-02-07 23:39:54,отменен,
50509,1825,2025-11-02 14:30:46,оплачен,
50510,1650,2025-08-05 18:42:33,оплачен,
50511,1680,2026-04-15 15:56:46,оплачен,
50512,1391,2025-10-15 03:15:29,оплачен,SUMMER20
50513,1615,2025-04-27 21:49:56,оплачен,
50514,1934,2026-04-24 16:11:54,оплачен,
50515,1085,2025-04-25 03:30:43,оплачен,
50516,1317,2025-07-02 21:52:19,оплачен,
50517,1212,2025-11-13 04:20:14,оплачен,
50518,1515,2025-09-18 17:36:12,оплачен,
50519,1384,2025-06-24 12:17:13,оплачен,
50520,1691,2025-04-30 03:35:19,оплачен,
50521,1342,2025-05-13 18:44:43,оплачен,
50522,1815,2025-05-31 11:52:03,оплачен,
50523,1964,2025-11-22 01:04:54,оплачен,
50524,1988,2025-09-03 09:40:12,оплачен,
50525,1844,2025-07-04 09:09:37,оплачен,
50526,1038,2026-02-06 18:20:07,оплачен,
50527,1511,2025-06-26 16:38:13,оплачен,
50528,1420,2025-05-28 20:48:08,отменен,
50529,1751,2025-12-29 04:57:56,оплачен,
50530,1169,2025-10-31 19:39:37,оплачен,SALE5
50531,1965,2025-03-07 18:35:49,оплачен,
50532,1909,2025-08-12 13:55:32,оплачен,
50533,1343,2025-02-13 16:35:57,оплачен,
50534,1826,2025-05-11 09:30:05,оплачен,
50535,1306,2026-01-04 00:06:57,оплачен,
50536,1542,2025-08-18 15:55:45,оплачен,
50537,1702,2025-09-27 19:37:53,отменен,
50538,1869,2025-11-30 04:55:20,оплачен,
50539,1537,2026-01-16 14:05:56,оплачен,
50540,1112,2026-01-15 18:32:00,оплачен,
50541,1411,2025-10-25 09:20:34,оплачен,
50542,1947,2026-01-26 02:24:44,оплачен,
50543,1206,2025-03-24 19:51:43,оплачен,WELCOME10
50544,1185,2026-03-30 01:20:55,оплачен,SUMMER20
50545,1382,2025-04-25 22:05:50,оплачен,
50546,1496,2025-11-10 12:48:22,оплачен,
50547,1379,2025-11-22 01:18:18,оплачен,
50548,1047,2025-10-03 21:41:41,оплачен,
50549,1886,2025-08-12 19:08:16,оплачен,
50550,1740,2025-09-07 14:01:35,отменен,SALE5
50551,1551,2025-09-22 16:04:38,оплачен,
50552,1528,2025-09-25 21:58:06,оплачен,SALE5
50553,1504,2025-04-16 06:35:39,оплачен,
50554,1022,2025-05-15 05:24:04,оплачен,
50555,1213,2025-05-09 08:03:50,оплачен,
50556,1310,2025-12-07 04:17:41,отменен,WELCOME10
50557,1661,2025-05-26 18:11:17,оплачен,WELCOME10
50558,1968,2025-02-05 23:10:34,оплачен,
50559,1753,2025-02-08 16:00:14,оплачен,
50560,1272,2025-08-30 08:14:27,оплачен,WELCOME10
50561,1571,2025-07-22 18:44:11,оплачен,
50562,1799,2025-10-21 00:20:48,оплачен,SALE5
50563,1938,2026-02-21 00:09:46,оплачен,
50564,1202,2025-08-16 06:59:21,отменен,WELCOME10
50565,1032,2025-11-14 15:45:31,оплачен,
50566,1443,2025-05-17 17:58:38,оплачен,
50567,1162,2025-05-08 11:07:53,отменен,SALE5
50568,1767,2025-10-24 03:17:59,оплачен,
50569,1254,2025-07-12 08:58:08,оплачен,
50570,1521,2025-09-06 17:04:13,оплачен,
50571,1977,2025-08-19 06:19:24,оплачен,WELCOME10
50572,1651,2025-06-07 22:47:19,отменен,
50573,1480,2025-06-17 05:54:03,отменен,SUMMER20
50574,1010,2025-08-12 00:06:56,отменен,
50575,1726,2025-09-06 11:41:04,оплачен,
50576,1505,2025-06-03 17:41:37,оплачен,
50577,1785,2025-09-10 11:38:17,отменен,
50578,1836,2025-10-28 14:29:43,отменен,
50579,1560,2026-03-15 16:03:06,оплачен,
50580,1436,2025-09-05 08:30:50,оплачен,SUMMER20
50581,1111,2025-05-12 01:05:49,оплачен,SALE5
50582,1153,2025-09-29 18:33:43,оплачен,
50583,1635,2025-05-14 13:05:49,оплачен,
50584,1917,2025-05-02 17:31:02,отменен,SUMMER20
50585,1869,2025-11-08 21:21:09,отменен,
50586,1102,2025-07-01 02:11:28,оплачен,
50587,1753,2025-06-10 06:12:55,оплачен,
50588,1833,2025-12-04 03:09:38,оплачен,SALE5
50589,1191,2025-10-24 16:51:05,оплачен,
50590,1729,2025-03-26 09:08:26,оплачен,SUMMER20
50591,1563,2025-07-24 23:37:03,оплачен,SUMMER20
50592,1804,2025-06-14 03:56:36,отменен,
50593,1081,2025-03-29 02:30:55,отменен,
50594,1489,2025-07-06 07:12:03,оплачен,
50595,1895,2025-12-28 13:12:26,оплачен,WELCOME10
50596,1088,2025-11-29 16:35:39,отменен,
50597,1194,2026-02-18 16:40:01,оплачен,SUMMER20
50598,1104,2025-11-09 19:01:51,оплачен,
50599,1783,2025-06-15 10:58:25,оплачен,
50600,1096,2025-08-22 14:42:54,оплачен,
50601,1423,2026-03-05 02:59:57,оплачен,
50602,1891,2025-10-09 23:04:19,оплачен,
50603,1198,2025-08-23 06:12:40,отменен,
50604,1001,2025-06-17 20:44:11,оплачен,
50605,1407,2025-11-21 23:09:32,отменен,WELCOME10
50606,1378,2025-09-14 07:53:15,отменен,
50607,1167,2025-08-10 12:34:02,оплачен,
50608,1509,2025-11-14 04:25:10,оплачен,WELCOME10
50609,1638,2025-07-12 06:52:55,оплачен,
50610,1313,2026-01-11 09:51:33,оплачен,SUMMER20
50611,1593,2025-05-08 07:30:10,оплачен,
50612,1418,2025-07-11 12:01:05,оплачен,
50613,1763,2025-11-21 19:56:33,оплачен,
50614,1681,2026-01-11 06:38:16,оплачен,WELCOME10
50615,1477,2025-02-25 10:05:22,отменен,WELCOME10
50616,1073,2025-07-04 13:05:37,оплачен,SALE5
50617,1141,2025-11-21 21:19:24,оплачен,WELCOME10
50618,1582,2026-02-26 16:28:07,оплачен,
50619,1262,2026-01-25 19:32:21,оплачен,
50620,1340,2026-02-02 14:04:38,оплачен,
50621,1308,2025-12-06 05:53:52,оплачен,
50622,1245,2025-08-04 18:30:09,оплачен,
50623,1515,2025-07-14 09:58:47,оплачен,
50624,1337,2025-07-09 17:22:32,оплачен,SUMMER20
50625,1575,2025-12-05 21:37:34,оплачен,
50626,1561,2025-12-08 01:29:12,оплачен,
50627,1076,2026-01-11 04:54:27,оплачен,
50628,1880,2025-10-04 19:23:26,отменен,
50629,1175,2025-08-29 12:26:25,оплачен,
50630,1109,2026-02-26 06:41:46,отменен,WELCOME10
50631,1183,2025-03-16 05:04:22,оплачен,
50632,1192,2025-06-12 14:31:25,оплачен,SUMMER20
50633,1065,2026-01-03 18:08:28,оплачен,
50634,1849,2026-02-02 18:38:03,оплачен,
50635,1963,2025-05-29 02:55:28,оплачен,
50636,1474,2025-10-14 10:32:37,отменен,
50637,1783,2025-04-05 06:30:37,оплачен,
50638,1100,2025-05-03 01:26:35,отменен,
50639,1544,2025-05-06 17:58:00,оплачен,WELCOME10
50640,1864,2025-05-19 02:30:27,оплачен,
50641,1128,2025-06-18 00:24:42,отменен,WELCOME10
50642,1452,2025-08-19 02:50:01,оплачен,WELCOME10
50643,1914,2025-07-28 11:09:04,оплачен,WELCOME10
50644,1369,2025-08-05 01:33:59,отменен,
50645,1851,2025-12-13 17:11:35,оплачен,WELCOME10
50646,1043,2025-08-12 16:46:05,оплачен,
50647,1884,2025-08-21 09:04:45,отменен,
50648,1419,2025-05-15 05:43:25,оплачен,
50649,1488,2026-01-24 04:14:58,отменен,SUMMER20
50650,1078,2026-04-22 00:15:36,оплачен,
50651,1826,2025-01-26 19:46:30,оплачен,
50652,1801,2025-03-11 23:15:54,оплачен,
50653,1270,2025-10-16 01:53:26,оплачен,
50654,1674,2025-10-02 05:45:24,оплачен,
50655,1701,2025-11-25 07:07:32,оплачен,WELCOME10
50656,1759,2026-02-26 06:37:20,оплачен,
50657,1900,2026-04-18 21:20:55,оплачен,SUMMER20
50658,1728,2025-09-09 07:57:45,оплачен,
50659,1315,2025-04-07 17:56:28,оплачен,
50660,1925,2025-04-05 14:29:25,оплачен,
50661,1851,2026-04-20 21:15:35,оплачен,WELCOME10
50662,1902,2025-05-04 12:53:36,оплачен,
50663,1889,2025-09-16 06:22:40,оплачен,
50664,1993,2026-03-23 15:37:27,оплачен,WELCOME10
50665,1945,2025-06-12 20:32:56,оплачен,
50666,1168,2025-07-06 23:12:25,оплачен,
50667,1339,2025-03-05 18:48:42,оплачен,
50668,1193,2025-06-24 22:28:04,оплачен,SALE5
50669,1453,2025-09-25 06:41:35,отменен,SUMMER20
50670,1283,2025-07-01 13:01:24,отменен,SALE5
50671,1336,2025-06-06 20:26:00,оплачен,SUMMER20
50672,1390,2026-02-16 09:41:51,оплачен,
50673,2000,2025-05-18 02:05:57,отменен,
50674,1525,2025-12-08 20:01:57,оплачен,
50675,1240,2025-11-28 22:01:11,оплачен,
50676,1832,2025-12-21 04:19:38,оплачен,WELCOME10
50677,1958,2025-12-21 15:19:00,оплачен,
50678,1483,2026-04-03 20:51:44,оплачен,
50679,1659,2025-12-21 14:02:45,оплачен,
50680,1716,2025-05-16 10:23:21,оплачен,WELCOME10
50681,1592,2025-02-24 12:00:23,оплачен,
50682,1891,2025-06-26 23:27:35,отменен,
50683,1555,2025-04-21 16:50:53,оплачен,
50684,1458,2025-10-24 14:56:33,оплачен,SUMMER20
50685,1089,2025-10-04 00:14:25,оплачен,WELCOME10
50686,1660,2025-10-17 03:42:04,оплачен,
50687,1095,2026-03-07 09:10:17,оплачен,
50688,1452,2025-09-07 08:41:49,оплачен,SUMMER20
50689,1428,2025-12-06 06:02:11,оплачен,
50690,1151,2025-06-14 16:25:32,оплачен,
50691,1514,2026-03-11 15:14:01,оплачен,
50692,1376,2026-02-11 06:31:03,оплачен,
50693,1022,2025-01-23 17:52:35,оплачен,
50694,1883,2025-07-04 12:00:59,оплачен,
50695,1313,2025-10-21 02:47:29,оплачен,
50696,1997,2025-10-20 03:56:54,оплачен,WELCOME10
50697,1840,2025-10-20 18:00:04,оплачен,SALE5
50698,1519,2026-03-31 18:21:23,оплачен,
50699,1206,2025-05-15 12:51:36,оплачен,
50700,1952,2025-10-28 03:03:35,оплачен,
50701,1375,2026-01-17 21:01:20,отменен,
50702,1451,2025-12-04 11:38:46,отменен,SALE5
50703,1626,2025-08-04 21:25:20,оплачен,
50704,1784,2025-10-31 15:59:30,оплачен,
50705,1595,2025-10-25 13:48:36,оплачен,
50706,1179,2025-12-27 19:47:45,оплачен,SUMMER20
50707,1210,2026-02-12 00:34:57,оплачен,
50708,1500,2026-01-05 14:50:19,оплачен,
50709,1464,2025-08-06 18:40:18,оплачен,
50710,1840,2025-12-02 04:17:15,оплачен,
50711,1124,2025-08-23 11:28:06,оплачен,
50712,1993,2026-01-03 22:11:34,оплачен,
50713,1113,2025-11-07 16:57:41,оплачен,
50714,1012,2025-10-01 09:42:16,оплачен,
50715,1126,2025-09-23 12:41:08,оплачен,
50716,1565,2025-12-01 17:08:56,оплачен,
50717,1331,2025-02-04 17:13:24,оплачен,WELCOME10
50718,1901,2025-12-31 05:55:41,оплачен,SUMMER20
50719,1283,2025-06-05 03:17:49,оплачен,
50720,1140,2025-11-24 13:02:50,оплачен,
50721,1401,2025-07-08 09:37:44,оплачен,
50722,1902,2025-05-26 17:57:19,оплачен,SUMMER20
50723,1097,2025-08-10 15:24:56,оплачен,WELCOME10
50724,1517,2025-09-12 13:32:27,оплачен,WELCOME10
50725,1569,2026-01-26 04:07:43,отменен,
50726,1924,2025-04-19 11:04:53,оплачен,
50727,1846,2025-10-04 12:08:41,оплачен,
50728,1069,2025-10-31 00:02:29,оплачен,SUMMER20
50729,1118,2025-09-13 11:28:02,отменен,
50730,1888,2025-04-29 08:25:01,оплачен,
50731,1059,2025-07-18 02:45:03,оплачен,WELCOME10
50732,1033,2025-11-20 18:12:38,оплачен,
50733,1318,2025-05-15 02:54:22,отменен,WELCOME10
50734,1050,2026-03-05 01:53:40,оплачен,
50735,1880,2025-10-23 11:46:01,оплачен,
50736,1489,2025-06-24 17:12:45,оплачен,
50737,1019,2026-01-25 09:43:09,оплачен,WELCOME10
50738,1726,2025-07-29 10:24:33,отменен,
50739,1197,2025-12-19 06:05:53,оплачен,
50740,1891,2025-07-16 02:12:02,оплачен,SALE5
50741,1450,2025-03-02 23:52:05,отменен,
50742,1990,2025-03-23 16:41:11,отменен,
50743,1559,2025-02-08 06:33:25,оплачен,
50744,1679,2025-07-04 20:35:39,оплачен,
50745,1452,2025-07-12 11:21:52,оплачен,
50746,1289,2025-10-06 10:59:29,оплачен,
50747,1141,2025-07-22 01:56:46,отменен,
50748,1084,2026-01-27 18:19:39,отменен,SALE5
50749,1694,2025-10-20 18:04:10,оплачен,WELCOME10
50750,1391,2025-09-30 07:18:22,отменен,WELCOME10
50751,1591,2026-01-18 18:49:41,оплачен,
50752,1215,2025-05-22 18:36:18,оплачен,
50753,1526,2025-04-20 14:15:22,оплачен,
50754,1215,2025-09-01 11:07:04,отменен,
50755,1403,2025-08-10 20:04:48,оплачен,
50756,1128,2025-04-02 04:21:14,оплачен,
50757,1822,2025-03-03 00:42:22,отменен,SUMMER20
50758,1477,2025-04-18 10:17:49,оплачен,
50759,1760,2026-01-21 15:12:38,оплачен,
50760,1404,2026-05-06 16:05:45,отменен,
50761,1029,2026-01-19 05:41:23,оплачен,SUMMER20
50762,1792,2026-01-16 08:07:27,отменен,
50763,1338,2025-07-04 16:54:28,отменен,
50764,1831,2025-10-18 13:21:53,оплачен,
50765,1714,2025-06-12 06:11:34,оплачен,
50766,1361,2025-08-10 21:50:22,оплачен,
50767,1569,2026-03-19 17:24:12,оплачен,SALE5
50768,1392,2025-09-22 20:54:58,оплачен,WELCOME10
50769,1218,2025-01-09 14:51:01,оплачен,
50770,1574,2025-06-19 01:50:57,оплачен,WELCOME10
50771,1669,2025-11-30 02:37:02,оплачен,
50772,1202,2025-08-13 05:54:47,оплачен,
50773,1017,2026-01-04 02:17:38,оплачен,
50774,1322,2025-06-09 19:11:04,оплачен,WELCOME10
50775,1518,2025-08-30 10:56:29,оплачен,
50776,1570,2025-07-12 17:11:12,оплачен,
50777,1325,2025-06-09 01:36:44,оплачен,
50778,1412,2025-05-01 02:21:35,оплачен,
50779,1318,2025-08-18 22:57:45,оплачен,
50780,1681,2025-09-22 02:47:53,оплачен,WELCOME10
50781,1965,2025-05-26 09:40:42,оплачен,
50782,1082,2025-03-15 16:31:50,оплачен,SALE5
50783,1474,2025-06-22 23:22:01,оплачен,
50784,1468,2025-02-24 18:39:25,оплачен,
50785,1425,2025-12-01 02:57:13,оплачен,
50786,1945,2025-06-23 15:00:52,оплачен,
50787,1731,2025-10-16 21:25:17,оплачен,
50788,1689,2026-05-04 05:22:20,отменен,
50789,1204,2025-12-17 20:26:41,оплачен,
50790,1583,2025-09-19 05:54:43,оплачен,WELCOME10
50791,1387,2025-11-10 12:16:58,отменен,WELCOME10
50792,1778,2025-08-17 11:38:11,оплачен,SUMMER20
50793,1098,2025-02-19 21:22:29,оплачен,WELCOME10
50794,1345,2025-09-22 08:20:10,оплачен,
50795,1803,2025-08-18 02:26:48,оплачен,
50796,1208,2026-01-25 13:36:50,оплачен,SALE5
50797,1514,2025-12-31 10:22:56,оплачен,SUMMER20
50798,1636,2025-08-06 07:40:26,оплачен,
50799,1792,2025-08-25 06:36:20,оплачен,
50800,1586,2025-04-28 04:51:44,оплачен,
50801,1166,2025-08-02 19:37:19,оплачен,
50802,1022,2025-01-28 01:56:31,оплачен,
50803,1154,2026-01-25 05:40:56,оплачен,
50804,1939,2025-09-06 00:00:50,оплачен,
50805,1439,2025-08-19 12:18:11,оплачен,WELCOME10
50806,1295,2025-06-27 18:34:11,оплачен,
50807,1219,2026-02-16 04:33:21,оплачен,SUMMER20
50808,1669,2026-02-07 12:56:46,оплачен,
50809,1495,2025-12-11 20:19:30,оплачен,
50810,1230,2025-11-08 23:39:53,оплачен,
50811,1020,2025-08-23 17:51:11,оплачен,SUMMER20
50812,1987,2025-08-27 09:38:24,оплачен,
50813,1553,2025-09-09 14:43:08,оплачен,
50814,1950,2025-07-05 17:12:59,оплачен,SALE5
50815,1148,2026-01-02 03:48:04,оплачен,
50816,1108,2026-02-05 23:17:48,оплачен,SUMMER20
50817,1403,2025-09-19 06:03:25,отменен,
50818,1596,2025-07-31 22:15:34,оплачен,
50819,1483,2025-12-24 22:52:13,оплачен,
50820,1367,2025-07-25 16:32:24,оплачен,
50821,1834,2025-09-13 16:22:56,оплачен,
50822,1414,2026-01-13 19:29:18,оплачен,
50823,1309,2025-12-23 23:12:17,оплачен,
50824,1802,2025-02-16 06:39:17,оплачен,
50825,1918,2025-03-16 00:31:53,оплачен,
50826,1835,2025-12-22 18:26:05,оплачен,
50827,1134,2026-02-12 04:33:19,оплачен,
50828,1719,2025-10-06 09:23:20,оплачен,
50829,1283,2025-03-29 15:25:29,оплачен,
50830,1778,2025-08-13 16:15:06,оплачен,SUMMER20
50831,1073,2025-04-20 02:57:15,оплачен,
50832,1481,2025-11-12 02:48:20,оплачен,
50833,1352,2025-11-05 08:05:23,отменен,
50834,1560,2025-12-10 19:24:01,оплачен,
50835,1326,2026-03-14 20:37:02,оплачен,SALE5
50836,1745,2025-05-19 00:54:00,оплачен,
50837,1443,2025-07-30 05:44:33,оплачен,
50838,1100,2025-04-13 13:57:53,отменен,
50839,1059,2025-07-02 23:58:30,отменен,
50840,1508,2025-02-13 09:31:16,оплачен,SUMMER20
50841,1258,2026-05-17 07:35:57,оплачен,
50842,1413,2025-10-18 12:53:26,оплачен,
50843,1452,2025-06-21 19:17:45,оплачен,
50844,1065,2026-04-11 04:25:08,оплачен,WELCOME10
50845,1595,2025-10-16 07:19:53,оплачен,
50846,1154,2026-04-15 21:18:29,оплачен,WELCOME10
50847,1985,2025-06-26 02:42:10,оплачен,
50848,1266,2025-03-20 16:47:38,отменен,
50849,1821,2025-09-30 22:18:11,оплачен,WELCOME10
50850,1079,2025-05-31 10:36:36,оплачен,WELCOME10
50851,1315,2025-04-05 17:42:25,оплачен,
50852,1662,2025-05-24 01:19:14,оплачен,
50853,1947,2026-04-28 21:49:37,оплачен,WELCOME10
50854,1560,2025-12-06 18:10:27,оплачен,
50855,1917,2025-05-24 07:28:10,оплачен,
50856,1891,2025-06-09 22:49:13,оплачен,WELCOME10
50857,1248,2025-10-05 09:34:08,оплачен,
50858,1790,2025-11-29 11:11:02,оплачен,
50859,1868,2025-06-06 23:27:10,оплачен,SUMMER20
50860,1610,2025-12-17 20:09:42,оплачен,
50861,1414,2025-09-08 18:47:21,оплачен,
50862,1025,2025-09-23 19:43:31,оплачен,SALE5
50863,1284,2025-08-12 22:12:04,оплачен,WELCOME10
50864,1449,2025-09-10 13:07:08,оплачен,WELCOME10
50865,1881,2025-07-16 18:34:36,оплачен,
50866,1301,2026-03-12 17:32:07,оплачен,WELCOME10
50867,1068,2026-02-13 10:30:33,оплачен,
50868,1007,2025-04-10 21:13:02,оплачен,WELCOME10
50869,1817,2026-03-24 03:11:44,оплачен,
50870,1137,2025-04-13 01:14:22,оплачен,
50871,1164,2026-02-16 06:29:27,оплачен,
50872,1083,2026-03-13 11:29:16,оплачен,
50873,1897,2025-03-19 18:23:05,оплачен,
50874,1650,2025-07-15 17:23:36,оплачен,
50875,1420,2025-07-02 23:37:33,оплачен,
50876,1073,2025-05-21 14:10:21,отменен,
50877,1237,2025-02-09 00:17:43,оплачен,
50878,1046,2025-06-14 10:27:39,оплачен,WELCOME10
50879,1618,2025-06-19 06:22:20,оплачен,
50880,1928,2026-03-15 21:41:34,отменен,
50881,1800,2026-01-07 09:27:58,отменен,
50882,1262,2025-12-31 07:41:53,оплачен,
50883,1176,2025-03-04 07:03:26,оплачен,
50884,1166,2025-08-17 04:32:48,отменен,WELCOME10
50885,1657,2025-05-15 07:38:46,оплачен,
50886,1842,2026-01-04 04:33:06,оплачен,SUMMER20
50887,1370,2025-08-29 07:27:38,оплачен,SUMMER20
50888,1795,2026-02-09 13:52:49,оплачен,
50889,1054,2026-01-25 09:17:43,оплачен,
50890,1690,2025-06-19 06:37:27,оплачен,
50891,1419,2025-04-22 11:30:46,оплачен,
50892,1756,2025-06-18 18:47:59,оплачен,WELCOME10
50893,1507,2026-02-08 07:02:22,оплачен,
50894,1341,2025-07-13 22:06:45,оплачен,SALE5
50895,1127,2025-06-16 09:18:57,оплачен,
50896,1409,2025-05-22 15:50:17,оплачен,
50897,1924,2025-02-21 15:44:41,оплачен,SUMMER20
50898,1367,2025-06-01 19:13:43,отменен,
50899,1271,2025-08-27 18:38:54,оплачен,
50900,1644,2025-07-20 15:26:39,оплачен,
50901,1605,2026-01-18 03:50:18,оплачен,
50902,1379,2025-09-30 20:58:46,оплачен,SALE5
50903,1073,2025-08-20 18:29:21,оплачен,WELCOME10
50904,1923,2025-01-16 04:40:17,отменен,SALE5
50905,1922,2025-12-29 11:53:05,оплачен,
50906,1915,2025-11-10 07:43:28,оплачен,WELCOME10
50907,1248,2025-10-10 01:08:46,оплачен,
50908,1860,2025-09-25 00:09:33,оплачен,WELCOME10
50909,1785,2025-08-18 21:59:32,оплачен,
50910,1043,2025-09-07 05:43:39,оплачен,WELCOME10
50911,1377,2026-05-20 00:42:51,оплачен,SALE5
50912,1041,2025-02-21 07:31:04,отменен,SALE5
50913,1170,2025-11-04 07:56:41,оплачен,
50914,1946,2025-05-14 08:55:22,оплачен,
50915,1212,2025-12-21 19:49:24,оплачен,
50916,1493,2025-08-03 22:45:23,оплачен,
50917,1680,2026-01-27 21:10:47,оплачен,
50918,1039,2025-08-07 06:42:34,оплачен,
50919,1369,2025-09-14 13:37:07,оплачен,SUMMER20
50920,1757,2025-06-22 04:26:27,отменен,
50921,1151,2025-07-17 01:31:14,оплачен,
50922,1111,2025-05-20 16:32:46,оплачен,
50923,1480,2025-06-02 19:53:15,отменен,WELCOME10
50924,1436,2025-07-14 00:59:48,оплачен,
50925,1047,2025-10-17 20:04:09,оплачен,WELCOME10
50926,1575,2025-11-25 23:50:56,оплачен,SALE5
50927,1737,2026-04-11 00:19:56,оплачен,
50928,1366,2025-09-17 07:09:08,оплачен,
50929,1069,2026-01-20 08:02:10,оплачен,
50930,1299,2025-04-08 09:24:48,оплачен,
50931,1944,2025-08-09 21:35:38,оплачен,SUMMER20
50932,1802,2025-03-08 13:38:55,оплачен,SUMMER20
50933,1296,2026-01-26 00:55:53,оплачен,
50934,1203,2025-08-11 11:55:34,оплачен,
50935,1061,2025-03-30 19:30:37,оплачен,
50936,1946,2025-05-03 03:51:15,отменен,
50937,1963,2025-06-07 21:28:10,отменен,
50938,1830,2025-07-29 06:11:06,оплачен,
50939,1314,2025-12-22 22:38:41,оплачен,SALE5
50940,1161,2025-08-06 15:25:39,оплачен,
50941,1331,2025-04-14 12:12:54,оплачен,
50942,1528,2025-09-27 03:24:23,оплачен,
50943,1338,2025-09-13 01:12:30,оплачен,
50944,1606,2025-12-01 17:27:59,оплачен,
50945,1304,2025-05-30 07:14:32,оплачен,
50946,1503,2026-01-19 09:11:36,оплачен,WELCOME10
50947,1650,2025-07-11 07:31:47,оплачен,WELCOME10
50948,1338,2025-05-05 12:54:20,оплачен,
50949,1550,2025-12-25 04:47:57,оплачен,
50950,1639,2026-04-08 21:04:12,отменен,
50951,1275,2025-07-19 18:34:46,оплачен,
50952,1164,2026-02-06 05:31:02,оплачен,
50953,1443,2025-06-21 12:38:36,оплачен,WELCOME10
50954,1319,2026-01-17 17:21:07,оплачен,SUMMER20
50955,1589,2026-01-05 00:45:16,оплачен,
50956,1504,2025-03-08 11:47:45,оплачен,WELCOME10
50957,1686,2026-04-06 15:07:22,оплачен,WELCOME10
50958,1387,2025-11-16 16:58:28,оплачен,
50959,1970,2025-06-12 19:15:16,оплачен,SUMMER20
50960,1870,2025-04-14 23:55:07,оплачен,
50961,1833,2025-11-06 20:28:40,оплачен,
50962,1888,2025-07-08 11:59:11,отменен,
50963,1603,2026-05-08 14:08:38,оплачен,
50964,1750,2026-04-08 06:17:14,оплачен,
50965,1776,2025-10-17 11:42:51,оплачен,WELCOME10
50966,1691,2025-04-30 04:17:15,оплачен,WELCOME10
50967,1494,2025-08-04 19:21:30,оплачен,
50968,1490,2025-12-19 23:56:11,оплачен,WELCOME10
50969,1721,2025-04-13 05:58:19,отменен,SUMMER20
50970,1073,2025-08-15 22:08:57,отменен,
50971,1509,2025-09-01 21:07:58,оплачен,
50972,1390,2025-12-11 18:13:38,оплачен,
50973,1619,2025-09-08 17:33:10,оплачен,SUMMER20
50974,1857,2025-11-30 07:32:30,оплачен,
50975,1295,2025-09-10 21:43:33,оплачен,
50976,1369,2025-11-26 16:53:22,оплачен,WELCOME10
50977,1956,2025-09-09 23:06:53,оплачен,WELCOME10
50978,1796,2026-05-02 05:19:33,оплачен,
50979,1865,2025-07-07 11:43:29,оплачен,
50980,1694,2025-10-12 09:34:19,оплачен,
50981,1549,2025-06-28 12:43:26,отменен,WELCOME10
50982,1649,2026-01-28 16:35:22,оплачен,
50983,1850,2026-04-02 10:37:05,оплачен,
50984,1568,2026-04-26 08:46:33,оплачен,WELCOME10
50985,1187,2026-04-08 16:39:39,оплачен,WELCOME10
50986,1853,2025-07-24 18:02:17,оплачен,SALE5
50987,1770,2025-04-06 18:46:05,отменен,
50988,1445,2025-09-18 07:47:17,оплачен,
50989,1570,2025-04-13 16:48:11,оплачен,
50990,1363,2025-10-22 06:45:54,оплачен,
50991,1123,2025-08-20 16:35:20,оплачен,
50992,1188,2025-09-11 19:23:54,оплачен,
50993,1742,2025-03-25 06:41:16,оплачен,SALE5
50994,1680,2026-03-15 06:32:06,отменен,
50995,1420,2025-07-04 23:10:08,оплачен,
50996,1626,2025-07-08 02:03:35,оплачен,SUMMER20
50997,1252,2025-10-17 22:18:41,оплачен,
50998,1619,2025-10-29 15:32:11,оплачен,SUMMER20
50999,1549,2025-03-08 06:10:30,оплачен,
51000,1335,2025-10-05 12:30:01,оплачен,
51001,1092,2026-01-07 14:56:10,оплачен,
51002,1530,2025-08-09 06:03:10,оплачен,
51003,1866,2025-03-15 01:15:38,оплачен,
51004,1063,2025-07-25 04:16:20,оплачен,WELCOME10
51005,1662,2025-06-09 18:06:37,оплачен,WELCOME10
51006,1512,2026-01-20 12:36:01,отменен,
51007,1139,2025-11-25 10:23:05,оплачен,SALE5
51008,1698,2025-08-29 06:56:38,отменен,SALE5
51009,1185,2026-02-19 10:28:42,оплачен,
51010,1205,2025-06-02 01:18:03,оплачен,WELCOME10
51011,1772,2025-05-28 16:56:36,оплачен,
51012,1214,2026-02-10 06:08:24,оплачен,
51013,1256,2026-04-08 00:50:05,оплачен,
51014,1135,2025-09-05 09:27:10,оплачен,
51015,1573,2025-08-06 04:19:00,оплачен,WELCOME10
51016,1875,2025-10-20 02:17:40,оплачен,
51017,1822,2025-03-21 16:54:45,оплачен,SUMMER20
51018,1088,2026-02-24 03:36:25,отменен,SUMMER20
51019,1836,2025-10-07 16:21:24,оплачен,
51020,1988,2025-08-26 22:21:04,оплачен,SALE5
51021,1207,2025-10-26 03:05:51,оплачен,
51022,1129,2025-11-23 12:53:36,отменен,
51023,1823,2025-10-14 22:38:19,оплачен,
51024,1003,2025-12-29 23:35:16,оплачен,
51025,1974,2026-02-02 13:15:45,оплачен,SUMMER20
51026,1934,2026-01-06 23:19:28,оплачен,
51027,1754,2025-01-19 23:02:24,оплачен,SALE5
51028,1121,2025-08-31 00:01:14,оплачен,
51029,1385,2025-07-13 09:17:21,отменен,WELCOME10
51030,1614,2025-11-03 16:26:12,отменен,SUMMER20
51031,1038,2025-11-03 04:25:12,оплачен,
51032,1341,2025-11-04 13:23:02,оплачен,
51033,1925,2025-07-20 16:29:34,оплачен,
51034,1645,2025-03-17 13:11:27,оплачен,
51035,1714,2025-10-29 07:48:20,оплачен,
51036,1860,2025-11-19 22:19:10,оплачен,
51037,1021,2025-07-14 01:09:09,отменен,
51038,1242,2025-10-15 05:35:23,оплачен,SUMMER20
51039,1455,2026-01-14 22:22:26,оплачен,
51040,1963,2025-03-01 05:00:05,оплачен,
51041,1621,2025-01-30 08:23:24,оплачен,WELCOME10
51042,1303,2026-04-18 14:25:07,оплачен,SUMMER20
51043,1596,2025-07-22 23:47:37,оплачен,WELCOME10
51044,1595,2025-11-27 00:59:45,оплачен,
51045,1803,2025-07-16 11:37:10,оплачен,
51046,1964,2025-10-31 09:49:38,оплачен,
51047,1069,2026-02-15 03:51:30,оплачен,
51048,1129,2025-07-30 12:17:40,оплачен,
51049,1196,2026-02-17 23:23:08,оплачен,WELCOME10
51050,1140,2026-01-16 22:40:09,оплачен,WELCOME10
51051,1444,2025-10-08 05:14:02,оплачен,
51052,1283,2025-04-30 05:02:55,оплачен,
51053,1312,2025-11-07 10:14:44,оплачен,
51054,1746,2026-01-28 09:37:46,оплачен,
51055,1535,2025-08-15 17:49:06,оплачен,
51056,1665,2026-03-02 17:17:51,оплачен,
51057,1277,2026-02-13 23:01:39,оплачен,SUMMER20
51058,1061,2025-04-06 01:42:25,оплачен,
51059,1319,2025-11-30 05:29:41,оплачен,SUMMER20
51060,1890,2025-09-11 10:00:33,оплачен,
51061,1052,2026-04-20 00:18:01,оплачен,WELCOME10
51062,1856,2026-03-24 22:20:23,оплачен,
51063,1153,2025-10-22 11:21:19,отменен,
51064,1749,2025-11-19 00:29:32,оплачен,
51065,1311,2025-03-18 13:35:04,отменен,
51066,1814,2025-03-24 22:12:15,оплачен,
51067,1544,2025-02-08 12:23:53,оплачен,SALE5
51068,1567,2025-10-18 01:15:37,отменен,
51069,1864,2025-04-15 16:10:50,оплачен,
51070,1389,2025-04-27 04:16:57,оплачен,WELCOME10
51071,1548,2025-08-11 06:41:27,оплачен,
51072,1622,2025-05-07 10:02:51,отменен,
51073,1177,2026-01-26 09:13:11,оплачен,
51074,1362,2025-08-31 09:31:25,оплачен,
51075,1314,2025-12-09 00:55:57,оплачен,SUMMER20
51076,1807,2026-01-20 01:16:29,оплачен,
51077,1848,2026-01-31 06:06:51,оплачен,
51078,1097,2025-09-12 08:21:33,оплачен,WELCOME10
51079,1881,2025-07-05 16:00:08,оплачен,
51080,1213,2025-07-03 20:18:35,оплачен,
51081,1829,2025-05-18 07:44:03,оплачен,SUMMER20
51082,1137,2025-06-23 08:21:17,оплачен,WELCOME10
51083,1006,2026-03-31 10:38:08,оплачен,
51084,1109,2026-03-04 18:47:46,оплачен,SUMMER20
51085,1547,2025-08-21 15:04:15,оплачен,
51086,1039,2025-12-06 18:36:38,оплачен,
51087,1662,2025-06-10 16:25:21,оплачен,
51088,1425,2026-01-03 07:32:01,оплачен,
51089,1630,2025-09-02 14:19:59,оплачен,
51090,1261,2025-07-18 10:56:09,оплачен,
51091,1426,2025-11-08 04:03:12,оплачен,
51092,1087,2026-03-13 12:17:58,оплачен,
51093,1465,2025-05-28 01:47:32,оплачен,
51094,1076,2026-01-10 18:08:27,отменен,
51095,1471,2025-06-14 06:09:00,оплачен,WELCOME10
51096,1976,2026-01-30 20:08:59,оплачен,
51097,1963,2025-05-14 14:34:56,оплачен,
51098,1414,2025-11-01 08:57:21,оплачен,
51099,1825,2025-09-01 08:22:06,оплачен,SUMMER20
51100,1895,2026-01-07 22:43:24,оплачен,
51101,1726,2025-09-16 05:54:33,оплачен,
51102,1457,2025-07-28 16:32:50,оплачен,
51103,1285,2025-09-20 04:30:33,оплачен,
51104,1239,2026-03-01 13:35:35,оплачен,
51105,1677,2025-04-28 07:25:35,оплачен,
51106,1599,2025-11-03 20:27:03,отменен,
51107,1653,2025-03-16 07:37:41,оплачен,SUMMER20
51108,1672,2026-03-25 17:09:41,оплачен,
51109,1558,2025-10-29 06:20:00,оплачен,SUMMER20
51110,1372,2025-01-28 03:59:19,оплачен,
51111,1495,2025-12-18 22:40:33,оплачен,WELCOME10
51112,1624,2025-12-30 13:47:32,оплачен,
51113,1919,2025-08-12 06:09:53,оплачен,
51114,1045,2025-03-25 00:12:00,отменен,
51115,1401,2025-07-27 15:14:48,оплачен,
51116,1247,2026-01-06 22:47:44,оплачен,
51117,1616,2026-01-02 16:48:33,оплачен,WELCOME10
51118,1597,2025-12-05 13:10:27,отменен,
51119,1450,2025-03-18 02:58:30,оплачен,
51120,1485,2026-01-26 14:08:09,оплачен,SUMMER20
51121,1646,2025-05-24 20:12:58,отменен,WELCOME10
51122,1620,2025-07-25 16:10:19,оплачен,SALE5
51123,1018,2025-02-22 08:01:36,оплачен,SUMMER20
51124,1606,2026-01-06 03:35:53,оплачен,
51125,1662,2025-06-07 02:08:21,отменен,SUMMER20
51126,1758,2025-08-31 10:09:29,оплачен,
51127,1289,2025-07-06 05:49:01,оплачен,WELCOME10
51128,1414,2025-11-26 01:31:41,оплачен,SALE5
51129,1721,2025-06-04 11:00:52,оплачен,
51130,1638,2025-05-19 15:49:12,отменен,
51131,1235,2025-08-12 20:43:07,оплачен,SALE5
51132,1416,2025-09-03 13:04:49,оплачен,
51133,1938,2026-03-31 14:37:58,отменен,WELCOME10
51134,1499,2025-08-15 20:42:19,оплачен,SUMMER20
51135,1974,2026-02-01 20:17:56,оплачен,SUMMER20
51136,1634,2025-12-08 01:25:29,отменен,
51137,1650,2025-10-06 18:30:41,оплачен,
51138,1115,2026-02-24 05:13:03,оплачен,
51139,1932,2025-05-24 14:47:38,оплачен,
51140,1674,2025-11-26 18:50:48,оплачен,
51141,1713,2026-03-08 10:15:29,отменен,
51142,1234,2026-02-01 10:06:25,оплачен,
51143,1540,2025-02-28 21:24:18,оплачен,
51144,1011,2025-09-29 09:40:35,оплачен,WELCOME10
51145,1206,2025-02-20 14:12:24,оплачен,
51146,1679,2025-04-15 01:15:08,оплачен,
51147,1247,2026-02-24 02:40:12,оплачен,
51148,1559,2025-02-28 20:31:53,отменен,
51149,1758,2025-09-25 08:47:01,оплачен,
51150,1127,2025-08-17 21:39:57,оплачен,
51151,1147,2026-03-10 00:40:09,оплачен,WELCOME10
51152,1118,2025-10-01 02:09:46,оплачен,
51153,1911,2025-07-04 13:37:11,оплачен,
51154,1382,2025-02-17 16:15:34,оплачен,
51155,1412,2025-06-21 08:02:28,оплачен,
51156,1664,2025-07-12 19:46:13,оплачен,WELCOME10
51157,1584,2025-08-28 07:41:57,оплачен,
51158,1363,2025-10-12 17:29:24,отменен,
51159,1509,2025-08-05 07:27:07,оплачен,
51160,1137,2025-02-09 02:43:21,оплачен,
51161,1175,2025-10-19 13:50:08,оплачен,SUMMER20
51162,1289,2025-09-16 20:11:36,оплачен,WELCOME10
51163,1958,2026-04-15 19:34:52,оплачен,
51164,1481,2026-02-18 10:51:07,оплачен,
51165,1019,2025-11-21 11:39:37,оплачен,
51166,1195,2025-08-05 11:47:47,оплачен,
51167,1330,2026-02-05 20:51:19,оплачен,WELCOME10
51168,1936,2025-10-15 10:12:08,оплачен,SUMMER20
51169,1175,2025-05-31 11:08:12,оплачен,
51170,1449,2025-10-24 05:41:12,оплачен,
51171,1925,2025-05-05 18:23:18,оплачен,
51172,1946,2025-05-29 12:12:57,оплачен,
51173,1354,2025-09-06 20:01:09,оплачен,
51174,1499,2025-08-02 21:12:57,оплачен,WELCOME10
51175,1141,2025-12-03 15:19:14,оплачен,
51176,1758,2025-11-01 00:16:23,оплачен,WELCOME10
51177,1897,2025-05-29 14:47:15,оплачен,
51178,1930,2025-06-13 07:51:02,отменен,
51179,1093,2026-03-16 11:19:15,оплачен,
51180,1944,2025-10-15 15:58:52,оплачен,SALE5
51181,1239,2026-03-02 10:48:50,оплачен,
51182,1205,2025-03-24 11:14:17,оплачен,
51183,1560,2026-02-13 22:13:29,оплачен,WELCOME10
51184,1433,2025-02-24 14:06:14,оплачен,SUMMER20
51185,1245,2025-08-13 05:45:55,оплачен,
51186,1832,2025-10-07 19:53:23,оплачен,
51187,1317,2025-06-02 18:01:21,оплачен,
51188,1925,2025-04-16 00:07:24,оплачен,WELCOME10
51189,1295,2025-06-25 08:33:56,оплачен,
51190,1640,2025-07-03 04:54:24,оплачен,WELCOME10
51191,1856,2025-11-04 15:53:47,оплачен,
51192,1282,2026-01-07 14:00:21,оплачен,
51193,1017,2025-12-19 05:53:13,оплачен,
51194,1071,2025-03-14 17:46:40,оплачен,
51195,1269,2025-11-01 02:09:48,оплачен,SALE5
51196,1325,2025-08-18 00:26:56,оплачен,WELCOME10
51197,1794,2025-02-16 10:48:04,оплачен,
51198,1305,2026-01-26 18:56:55,отменен,WELCOME10
51199,1451,2025-11-27 14:34:46,оплачен,
51200,1007,2025-07-14 22:11:29,оплачен,SALE5
51201,1314,2025-09-05 04:02:08,оплачен,
51202,1817,2026-03-06 08:38:25,оплачен,
51203,1103,2025-08-06 22:22:58,оплачен,SUMMER20
51204,1821,2025-11-13 08:12:27,отменен,
51205,1193,2025-06-03 19:16:37,оплачен,
51206,1753,2025-04-26 00:17:50,отменен,
51207,1574,2025-10-21 12:39:54,оплачен,
51208,1529,2025-08-04 14:42:43,оплачен,
51209,1171,2026-01-26 03:32:23,оплачен,
51210,1537,2026-05-06 08:09:35,оплачен,
51211,1251,2025-07-29 08:44:43,оплачен,WELCOME10
51212,1765,2025-10-30 17:29:43,оплачен,
51213,1387,2025-10-04 19:24:11,оплачен,
51214,1207,2026-03-20 10:08:49,оплачен,SALE5
51215,1541,2026-03-13 02:51:31,оплачен,
51216,1629,2025-06-07 00:16:24,оплачен,
51217,1416,2025-09-01 04:04:40,отменен,WELCOME10
51218,1794,2025-06-16 22:08:53,оплачен,WELCOME10
51219,1380,2026-01-06 17:15:32,оплачен,SUMMER20
51220,1144,2025-05-19 13:45:00,отменен,
51221,1025,2025-07-26 15:14:25,оплачен,
51222,1822,2025-03-04 23:46:54,оплачен,
51223,1668,2025-07-01 18:07:33,оплачен,WELCOME10
51224,1073,2025-08-12 09:34:22,оплачен,
51225,1632,2025-08-19 22:03:13,оплачен,
51226,1824,2026-04-10 09:28:00,оплачен,
51227,1833,2025-12-06 00:48:25,оплачен,
51228,1093,2026-01-31 06:22:31,оплачен,
51229,1505,2025-06-11 14:12:59,отменен,
51230,1598,2025-06-24 18:23:44,оплачен,
51231,1336,2025-06-21 10:58:21,оплачен,
51232,1425,2025-11-17 09:40:26,оплачен,WELCOME10
51233,1499,2025-06-10 19:27:00,оплачен,
51234,1364,2025-05-16 11:09:36,отменен,
51235,1947,2026-01-24 06:48:05,оплачен,SUMMER20
51236,1630,2025-11-15 11:52:13,отменен,SALE5
51237,1745,2025-06-04 09:53:19,оплачен,
51238,1199,2026-01-06 06:57:40,оплачен,WELCOME10
51239,1718,2025-09-24 09:47:38,оплачен,
51240,1413,2025-10-31 22:02:49,отменен,
51241,1339,2025-03-19 14:20:51,оплачен,
51242,1659,2025-12-17 23:11:03,оплачен,WELCOME10
51243,1962,2025-10-22 06:41:27,оплачен,
51244,1937,2025-05-21 12:39:43,оплачен,SUMMER20
51245,1429,2025-02-13 21:48:56,отменен,
51246,1783,2025-05-16 17:42:17,оплачен,SUMMER20
51247,1899,2025-05-23 17:25:07,оплачен,
51248,1139,2025-12-24 06:22:31,оплачен,WELCOME10
51249,1693,2025-09-11 09:42:56,оплачен,WELCOME10
51250,1942,2026-02-12 08:30:06,оплачен,WELCOME10
51251,1542,2025-12-12 12:57:02,оплачен,
51252,1057,2025-02-13 00:20:30,оплачен,
51253,1232,2025-05-03 02:14:55,оплачен,WELCOME10
51254,1658,2026-02-27 05:44:20,оплачен,
51255,1435,2025-07-28 19:18:32,оплачен,SALE5
51256,1384,2025-05-26 01:14:13,оплачен,
51257,1560,2026-04-09 10:14:05,оплачен,WELCOME10
51258,1194,2026-01-23 04:19:33,оплачен,
51259,1736,2025-07-07 17:27:54,оплачен,
51260,1648,2025-10-25 20:55:58,оплачен,
51261,1534,2026-01-05 23:12:42,оплачен,SALE5
51262,1518,2025-09-08 18:18:20,оплачен,WELCOME10
51263,1716,2025-07-22 18:23:25,оплачен,
51264,1751,2025-12-04 17:43:35,оплачен,WELCOME10
51265,1185,2025-12-28 03:43:44,отменен,
51266,1872,2025-07-27 03:09:24,оплачен,WELCOME10
51267,1292,2025-11-26 14:01:56,оплачен,SALE5
51268,1335,2025-08-27 16:05:25,оплачен,WELCOME10
51269,1732,2026-03-28 17:53:00,оплачен,
51270,1116,2025-05-05 02:54:03,оплачен,
51271,1825,2025-08-09 04:50:14,оплачен,
51272,1049,2025-02-14 05:49:18,отменен,WELCOME10
51273,1685,2025-07-21 14:25:38,отменен,
51274,1082,2025-05-18 05:13:48,оплачен,
51275,1834,2025-11-14 04:54:30,оплачен,
51276,1333,2025-10-20 19:57:38,оплачен,SUMMER20
51277,1557,2025-03-02 15:44:39,оплачен,
51278,1335,2025-06-05 05:40:35,оплачен,
51279,1532,2025-05-04 10:04:56,оплачен,
51280,1960,2026-01-01 19:06:26,оплачен,SUMMER20
51281,1221,2025-07-14 14:45:12,оплачен,WELCOME10
51282,1635,2025-09-15 12:25:21,отменен,WELCOME10
51283,1746,2026-01-04 23:28:08,оплачен,
51284,1733,2025-07-10 16:45:55,оплачен,
51285,1323,2025-04-05 10:15:32,оплачен,
51286,1851,2026-03-06 06:59:09,оплачен,
51287,1003,2026-02-26 02:53:54,оплачен,
51288,1694,2025-10-09 14:01:23,оплачен,
51289,1206,2025-04-02 15:06:35,оплачен,
51290,1832,2025-11-15 23:26:36,оплачен,
51291,1040,2025-11-11 06:14:25,отменен,
51292,1059,2025-07-21 23:03:28,отменен,
51293,1951,2025-05-11 10:49:45,оплачен,
51294,1574,2025-10-23 09:58:16,оплачен,
51295,1644,2025-06-27 14:25:47,оплачен,
51296,1507,2025-10-13 12:08:10,оплачен,SUMMER20
51297,1572,2025-03-13 00:53:05,отменен,
51298,1884,2025-06-07 21:36:46,оплачен,WELCOME10
51299,1843,2025-06-11 17:51:13,оплачен,WELCOME10
51300,1122,2026-03-12 14:57:04,отменен,
51301,1479,2025-05-16 01:06:41,оплачен,
51302,1619,2025-09-19 09:49:16,отменен,
51303,1096,2025-12-27 12:00:00,оплачен,
51304,1859,2025-05-14 05:24:25,оплачен,WELCOME10
51305,1414,2025-10-22 00:36:40,оплачен,WELCOME10
51306,1235,2025-09-23 16:47:07,оплачен,
51307,1898,2025-11-13 00:11:04,оплачен,
51308,1062,2025-10-28 00:24:00,оплачен,SUMMER20
51309,1256,2026-04-12 16:18:59,оплачен,
51310,1561,2025-09-03 08:55:16,отменен,
51311,1905,2026-03-13 03:16:48,оплачен,
51312,1348,2025-09-27 19:49:02,оплачен,
51313,1671,2025-12-26 17:03:16,оплачен,
51314,1124,2025-05-20 13:41:14,оплачен,
51315,1482,2025-04-06 10:54:19,оплачен,
51316,1317,2025-04-30 21:15:29,оплачен,WELCOME10
51317,1504,2025-03-31 23:23:08,оплачен,
51318,1719,2025-12-16 14:29:50,оплачен,
51319,1048,2025-12-12 21:09:57,оплачен,SUMMER20
51320,1409,2025-06-13 11:45:30,оплачен,WELCOME10
51321,1932,2025-03-27 08:58:44,оплачен,
51322,1136,2025-08-05 13:20:09,отменен,
51323,1201,2025-07-25 06:03:26,отменен,
51324,1250,2025-12-02 22:24:30,оплачен,SUMMER20
51325,1314,2025-12-06 19:35:53,оплачен,
51326,1869,2025-12-29 22:16:44,оплачен,
51327,1368,2025-10-25 02:40:37,оплачен,WELCOME10
51328,1429,2025-06-27 20:42:47,отменен,
51329,1830,2025-09-24 04:45:48,оплачен,WELCOME10
51330,1807,2025-11-10 03:15:15,оплачен,WELCOME10
51331,1480,2025-06-13 03:18:57,отменен,
51332,1314,2025-11-05 12:25:21,оплачен,
51333,1500,2026-01-21 23:27:00,оплачен,WELCOME10
51334,1721,2025-04-21 10:36:01,оплачен,
51335,1355,2026-01-05 07:37:20,оплачен,SALE5
51336,1485,2026-03-23 12:10:15,оплачен,SALE5
51337,1211,2026-02-04 01:41:43,оплачен,
51338,1704,2025-03-19 10:41:12,оплачен,
51339,1044,2025-04-13 16:38:23,оплачен,SUMMER20
51340,1541,2026-05-04 18:06:08,оплачен,
51341,1571,2025-08-18 07:21:17,оплачен,SUMMER20
51342,1583,2025-07-19 22:01:49,оплачен,
51343,1092,2025-10-27 00:13:15,оплачен,
51344,1265,2026-01-05 00:06:30,оплачен,
51345,1895,2026-03-18 13:46:13,оплачен,WELCOME10
51346,1220,2025-06-10 15:18:16,оплачен,
51347,1902,2025-06-12 05:42:48,оплачен,
51348,1925,2025-06-08 17:16:30,оплачен,
51349,1442,2025-03-07 22:53:53,оплачен,
51350,1401,2025-05-14 03:02:57,оплачен,
51351,1400,2025-07-28 16:38:25,оплачен,
51352,1727,2025-06-16 12:11:00,оплачен,
51353,1991,2025-02-10 18:20:51,оплачен,
51354,1899,2025-06-03 10:51:02,отменен,
51355,1789,2025-05-19 11:31:09,оплачен,
51356,1576,2025-07-28 07:14:04,оплачен,
51357,1858,2025-12-22 20:51:50,оплачен,
51358,1804,2025-06-15 14:16:43,оплачен,
51359,1490,2025-10-16 14:41:55,оплачен,
51360,1485,2025-11-29 17:00:34,оплачен,
51361,1757,2025-07-02 20:57:30,оплачен,
51362,1470,2025-12-15 11:00:02,оплачен,
51363,1574,2025-08-12 04:18:28,отменен,
51364,1938,2026-02-01 00:35:28,оплачен,
51365,1844,2025-07-04 03:48:13,оплачен,
51366,1682,2026-03-14 15:02:22,отменен,WELCOME10
51367,1445,2025-11-26 08:22:03,оплачен,
51368,1269,2025-09-01 04:42:30,отменен,
51369,1267,2025-12-18 08:57:34,оплачен,
51370,1054,2025-10-23 23:10:40,оплачен,WELCOME10
51371,1528,2025-06-29 14:54:59,оплачен,
51372,1520,2026-01-10 21:18:45,оплачен,
51373,1616,2025-10-09 13:48:56,отменен,WELCOME10
51374,1059,2025-09-17 13:43:15,оплачен,SUMMER20
51375,1825,2025-10-04 12:37:48,оплачен,
51376,1040,2025-12-30 22:50:37,отменен,
51377,1237,2025-02-14 04:05:30,оплачен,WELCOME10
51378,1955,2025-06-21 15:45:32,отменен,
51379,1386,2025-05-29 09:23:09,оплачен,
51380,1606,2025-10-10 12:02:58,оплачен,
51381,1734,2026-04-02 19:33:48,оплачен,
51382,1716,2025-06-17 12:31:12,оплачен,
51383,1650,2025-08-26 23:02:59,оплачен,
51384,1300,2025-05-05 23:21:44,отменен,SALE5
51385,1395,2026-01-20 17:31:55,отменен,SALE5
51386,1207,2025-12-14 06:32:04,оплачен,
51387,1336,2025-07-16 07:14:51,оплачен,SALE5
51388,1593,2025-07-12 01:04:32,отменен,
51389,1730,2026-04-25 04:37:33,оплачен,SUMMER20
51390,1514,2026-04-01 00:03:38,оплачен,WELCOME10
51391,1178,2026-01-18 00:32:07,оплачен,
51392,1396,2025-03-01 15:20:44,отменен,
51393,1371,2025-12-01 22:17:30,оплачен,
51394,1858,2025-11-26 11:00:41,оплачен,WELCOME10
51395,1791,2026-02-13 02:59:50,оплачен,WELCOME10
51396,1658,2026-04-09 09:50:15,оплачен,
51397,1318,2025-06-18 02:33:32,отменен,
51398,1736,2025-10-30 01:06:47,отменен,
51399,1369,2025-12-01 20:18:24,оплачен,SUMMER20
51400,1384,2025-03-16 21:10:32,оплачен,
51401,1062,2025-09-09 06:19:07,отменен,
51402,1806,2025-11-18 04:08:24,оплачен,
51403,1505,2025-02-17 18:45:19,оплачен,
51404,1239,2026-03-09 16:59:24,отменен,
51405,1195,2025-09-21 19:02:22,оплачен,
51406,1678,2026-02-08 17:25:55,оплачен,
51407,1963,2025-01-31 16:30:36,оплачен,
51408,1222,2026-03-05 00:26:44,оплачен,WELCOME10
51409,1061,2025-01-16 21:25:31,оплачен,WELCOME10
51410,1129,2025-10-15 02:36:31,оплачен,
51411,1990,2025-04-20 00:30:54,отменен,SUMMER20
51412,1685,2025-09-28 11:10:23,оплачен,WELCOME10
51413,1992,2025-10-23 05:59:21,оплачен,
51414,1156,2025-07-21 19:19:55,оплачен,
51415,1917,2025-02-04 00:09:15,оплачен,
51416,1378,2025-09-21 03:26:27,оплачен,
51417,1622,2025-08-11 10:15:58,оплачен,
51418,1781,2026-01-16 15:18:20,оплачен,
51419,1923,2025-02-04 08:08:08,оплачен,
51420,1868,2025-04-16 16:43:56,оплачен,SUMMER20
51421,1903,2025-09-05 07:15:17,оплачен,WELCOME10
51422,1790,2025-11-15 00:00:11,оплачен,
51423,1586,2025-03-07 08:54:04,оплачен,WELCOME10
51424,1999,2026-01-12 17:48:17,оплачен,SUMMER20
51425,1437,2025-12-25 18:53:07,оплачен,WELCOME10
51426,1975,2025-09-04 04:54:39,оплачен,
51427,1207,2026-01-12 17:52:30,оплачен,
51428,1388,2025-11-21 14:17:56,отменен,
51429,1480,2025-02-28 15:46:37,оплачен,SUMMER20
51430,1791,2026-04-16 13:42:52,оплачен,
51431,1887,2026-02-25 15:24:31,оплачен,WELCOME10
51432,1838,2025-07-22 21:58:15,оплачен,
51433,1984,2025-10-24 15:11:16,отменен,
51434,1340,2025-12-14 12:07:55,оплачен,
51435,1869,2025-11-10 11:40:02,оплачен,
51436,1340,2025-11-13 21:49:55,оплачен,
51437,1204,2026-02-27 08:17:49,оплачен,
51438,1161,2025-07-04 06:26:35,оплачен,
51439,1540,2025-01-20 23:33:45,отменен,
51440,1392,2025-07-13 04:13:02,оплачен,
51441,1769,2025-02-20 06:29:49,оплачен,
51442,1677,2025-04-03 09:24:12,оплачен,
51443,1575,2025-12-05 08:33:54,оплачен,
51444,1534,2026-02-24 04:21:16,оплачен,SUMMER20
51445,1070,2026-01-17 03:48:08,оплачен,
51446,1893,2025-11-02 23:49:52,оплачен,
51447,1405,2026-04-09 21:42:12,оплачен,
51448,1608,2025-08-30 00:16:11,оплачен,SUMMER20
51449,1675,2025-11-22 20:12:30,оплачен,
51450,1591,2026-04-13 08:58:06,оплачен,
51451,1517,2025-07-24 04:16:29,оплачен,
51452,1828,2025-04-28 05:24:18,отменен,
51453,1120,2025-07-29 09:15:36,оплачен,
51454,1814,2025-05-16 12:31:44,оплачен,
51455,1690,2025-04-15 13:07:42,оплачен,WELCOME10
51456,1688,2025-07-30 03:25:09,оплачен,
51457,1902,2025-05-17 04:12:00,оплачен,
51458,1217,2026-03-19 02:06:35,отменен,
51459,1056,2025-07-11 07:02:28,оплачен,
51460,1366,2025-09-01 06:17:10,оплачен,
51461,1699,2025-08-17 05:39:00,оплачен,
51462,1504,2025-04-09 18:02:35,отменен,
51463,1744,2025-09-21 14:32:40,оплачен,
51464,1767,2025-12-07 12:25:15,оплачен,
51465,1925,2025-06-19 12:32:04,отменен,
51466,1455,2026-02-18 22:13:39,оплачен,
51467,1104,2025-11-15 14:53:03,оплачен,SUMMER20
51468,1077,2025-11-26 08:52:12,оплачен,
51469,1230,2025-10-30 13:53:09,оплачен,
51470,1914,2025-07-14 04:22:26,оплачен,WELCOME10
51471,1258,2026-03-06 01:44:12,оплачен,
51472,1264,2025-08-26 18:00:39,оплачен,
51473,1331,2025-01-28 15:28:01,оплачен,
51474,1993,2026-01-29 05:47:54,оплачен,
51475,1182,2025-10-01 16:54:50,оплачен,
51476,1893,2026-02-15 07:21:03,оплачен,
51477,1768,2025-03-22 07:08:25,отменен,
51478,1550,2026-01-15 15:30:05,отменен,
51479,1688,2025-06-30 18:27:07,отменен,
51480,1027,2025-03-16 23:47:43,оплачен,
51481,1276,2025-12-06 23:50:31,оплачен,
51482,1652,2025-03-05 19:43:01,отменен,SUMMER20
51483,1299,2025-05-08 00:35:56,отменен,SUMMER20
51484,1957,2026-03-04 08:35:40,оплачен,
51485,1799,2025-07-03 00:41:45,оплачен,SALE5
51486,1091,2025-11-13 17:05:17,оплачен,
51487,1480,2025-06-08 15:14:47,оплачен,
51488,1573,2025-06-03 22:42:59,оплачен,SUMMER20
51489,1458,2025-07-29 06:16:49,оплачен,SUMMER20
51490,1451,2025-09-27 21:54:50,оплачен,
51491,1365,2025-03-12 14:22:53,оплачен,
51492,1859,2025-05-10 21:00:28,оплачен,
51493,1675,2026-01-05 04:57:34,оплачен,
51494,1351,2025-12-27 06:45:34,отменен,WELCOME10
51495,1655,2026-01-01 09:01:05,оплачен,SALE5
51496,1400,2025-08-12 03:24:43,оплачен,
51497,1253,2025-08-01 14:39:06,оплачен,
51498,1781,2025-11-26 21:12:20,оплачен,
51499,1881,2025-03-18 18:59:32,оплачен,
51500,1803,2025-06-14 09:02:26,оплачен,
51501,1459,2025-05-04 08:34:27,оплачен,SUMMER20
51502,1699,2025-08-27 05:54:56,оплачен,WELCOME10
51503,1917,2025-05-09 22:32:15,оплачен,
51504,1499,2025-04-22 04:40:41,оплачен,
51505,1950,2025-05-15 14:11:04,оплачен,SUMMER20
51506,1971,2025-10-04 17:43:26,отменен,
51507,1926,2025-04-20 06:48:50,оплачен,
51508,1508,2025-03-16 17:32:24,оплачен,
51509,1304,2025-03-04 04:58:59,оплачен,WELCOME10
51510,1501,2025-09-29 00:38:42,оплачен,
51511,1803,2025-09-25 17:16:33,оплачен,
51512,1598,2025-05-02 09:53:52,оплачен,WELCOME10
51513,1166,2025-08-11 11:34:10,оплачен,
51514,1415,2026-01-04 11:56:03,оплачен,
51515,1462,2025-02-10 15:31:19,отменен,
51516,1920,2026-02-14 03:53:37,отменен,
51517,1114,2025-05-05 02:36:21,оплачен,SALE5
51518,1433,2025-03-13 16:13:40,оплачен,
51519,1992,2025-10-13 02:57:12,оплачен,
51520,1356,2025-04-05 01:55:46,оплачен,
51521,1928,2026-03-04 18:53:15,оплачен,
51522,1695,2026-05-23 06:44:35,оплачен,SUMMER20
51523,1207,2025-12-03 08:06:14,оплачен,
51524,1768,2025-03-07 07:18:42,оплачен,WELCOME10
51525,1235,2025-11-17 22:12:39,оплачен,WELCOME10
51526,1442,2025-06-08 10:42:54,оплачен,
51527,1355,2025-12-13 15:41:55,оплачен,
51528,1515,2025-09-07 11:09:49,оплачен,WELCOME10
51529,1208,2026-03-18 03:08:06,оплачен,
51530,1709,2025-12-28 07:42:06,оплачен,
51531,1853,2025-07-25 07:02:16,оплачен,
51532,1125,2025-05-28 17:47:51,оплачен,
51533,1138,2025-09-03 03:56:51,оплачен,WELCOME10
51534,1339,2025-06-18 05:25:10,отменен,SALE5
51535,1537,2026-01-15 23:27:34,отменен,
51536,1068,2025-12-25 12:53:34,оплачен,WELCOME10
51537,1573,2025-10-12 14:42:17,оплачен,SUMMER20
51538,1541,2026-04-04 04:47:47,оплачен,
51539,1383,2025-09-26 12:53:34,оплачен,
51540,1019,2025-12-15 06:37:08,отменен,
51541,1683,2026-02-08 20:51:34,оплачен,WELCOME10
51542,1450,2025-05-12 18:18:54,отменен,
51543,1074,2026-01-16 11:00:50,оплачен,
51544,1573,2025-08-22 23:15:24,оплачен,SUMMER20
51545,1939,2025-10-01 14:15:42,оплачен,
51546,1665,2025-11-17 10:02:14,оплачен,SUMMER20
51547,1276,2025-10-12 06:00:48,оплачен,
51548,1048,2026-02-19 08:28:25,оплачен,
51549,1211,2025-12-09 12:42:28,оплачен,
51550,1855,2025-04-22 00:06:11,оплачен,WELCOME10
51551,1920,2026-01-26 21:19:54,оплачен,SALE5
51552,1651,2025-02-28 16:35:02,оплачен,
51553,1622,2025-08-15 17:26:52,оплачен,
51554,1994,2026-01-27 07:32:19,оплачен,WELCOME10
51555,1695,2026-05-19 03:04:22,оплачен,SUMMER20
51556,1540,2025-04-22 23:14:05,оплачен,
51557,1709,2025-09-24 12:28:05,отменен,
51558,1191,2025-08-21 22:47:09,оплачен,WELCOME10
51559,1315,2025-06-20 08:48:16,оплачен,
51560,1901,2025-10-04 18:28:01,оплачен,
51561,1563,2025-11-27 06:25:14,оплачен,
51562,1661,2025-07-19 23:37:02,оплачен,
51563,1780,2026-01-07 15:01:30,оплачен,
51564,1562,2025-11-23 06:29:42,оплачен,SUMMER20
51565,1900,2026-01-17 19:38:03,оплачен,WELCOME10
51566,1758,2025-12-03 11:04:54,оплачен,
51567,1113,2025-07-26 18:25:36,оплачен,
51568,1170,2026-02-10 20:29:02,отменен,
51569,1468,2025-05-26 10:06:48,отменен,
51570,1678,2026-04-19 08:52:40,оплачен,
51571,1921,2025-10-20 12:14:53,оплачен,WELCOME10
51572,1014,2025-06-15 04:28:34,оплачен,
51573,1715,2025-05-09 07:31:19,оплачен,
51574,1288,2025-10-12 09:12:28,оплачен,SALE5
51575,1907,2026-02-12 21:07:28,оплачен,
51576,1189,2025-08-23 08:29:21,оплачен,
51577,1914,2025-08-20 11:10:01,оплачен,
51578,1155,2025-12-12 15:50:03,оплачен,WELCOME10
51579,1567,2025-12-18 17:19:24,оплачен,WELCOME10
51580,1694,2026-01-09 10:28:16,оплачен,
51581,1722,2025-11-13 23:51:47,оплачен,
51582,1888,2025-04-19 12:01:23,оплачен,WELCOME10
51583,1471,2025-06-10 01:56:13,оплачен,
51584,1075,2025-03-13 16:12:35,оплачен,
51585,1277,2026-03-08 22:07:01,оплачен,
51586,1940,2026-02-25 21:09:43,оплачен,
51587,1645,2025-02-18 09:09:22,оплачен,
51588,1343,2025-05-12 19:09:28,оплачен,SUMMER20
51589,1425,2026-02-15 19:50:45,оплачен,
51590,1571,2025-10-04 19:07:06,оплачен,
51591,1511,2025-06-04 10:43:17,оплачен,SUMMER20
51592,1857,2025-08-25 13:02:17,оплачен,
51593,1182,2025-10-14 14:37:09,отменен,
51594,1458,2025-06-14 06:16:00,оплачен,
51595,1918,2025-04-26 14:50:59,оплачен,
51596,1851,2026-01-05 04:46:30,оплачен,
51597,1833,2025-11-03 00:07:11,оплачен,
51598,1064,2025-07-25 21:56:18,оплачен,SUMMER20
51599,1839,2025-12-09 11:12:27,оплачен,
51600,1260,2025-05-28 18:05:07,оплачен,
51601,1193,2025-08-24 21:27:38,отменен,SUMMER20
51602,1655,2025-09-05 03:51:03,оплачен,
51603,1616,2026-01-21 14:58:20,оплачен,
51604,1972,2025-07-19 01:58:06,оплачен,
51605,1406,2025-03-16 15:16:19,оплачен,SUMMER20
51606,1726,2025-08-29 01:10:33,оплачен,
51607,1754,2025-02-06 01:22:40,оплачен,WELCOME10
51608,1943,2025-06-28 14:09:14,оплачен,
51609,1721,2025-02-22 22:58:16,оплачен,
51610,1093,2025-11-20 17:35:08,оплачен,
51611,1430,2025-07-03 15:50:32,оплачен,
51612,1654,2026-01-14 05:09:15,оплачен,SUMMER20
51613,1434,2025-08-19 21:21:12,оплачен,
51614,1404,2026-04-22 05:25:10,оплачен,
51615,1434,2025-09-08 02:51:09,отменен,
51616,1112,2026-02-16 00:51:42,оплачен,
51617,1929,2025-11-14 13:24:07,оплачен,WELCOME10
51618,1375,2025-10-31 06:09:50,оплачен,WELCOME10
51619,1059,2025-07-13 03:01:25,оплачен,WELCOME10
51620,1043,2025-07-08 13:57:15,оплачен,
51621,1207,2025-12-03 16:45:21,оплачен,WELCOME10
51622,1780,2025-12-04 18:01:38,оплачен,WELCOME10
51623,1296,2025-12-26 18:15:53,оплачен,
51624,1118,2025-09-11 17:22:52,оплачен,
51625,1532,2025-07-01 10:38:40,отменен,
51626,1222,2026-01-11 12:58:25,отменен,
51627,1166,2025-09-07 03:50:33,оплачен,
51628,1643,2026-04-04 11:01:37,оплачен,
51629,1156,2025-07-07 04:51:21,оплачен,
51630,1184,2026-03-11 03:08:28,отменен,
51631,1090,2026-05-25 09:15:41,оплачен,SUMMER20
51632,1094,2026-02-14 09:50:09,оплачен,SUMMER20
51633,1013,2025-06-13 16:04:57,оплачен,SALE5
51634,1973,2025-08-15 23:58:46,оплачен,
51635,1834,2025-11-20 18:49:03,оплачен,
51636,1805,2026-02-27 15:31:55,отменен,
51637,1945,2025-09-05 09:33:35,оплачен,SUMMER20
51638,1742,2025-05-09 10:45:15,оплачен,
51639,1834,2025-10-21 20:18:33,оплачен,
51640,1804,2025-09-14 16:40:16,отменен,
51641,1438,2025-11-30 21:54:30,оплачен,WELCOME10
51642,1538,2025-07-04 02:28:58,оплачен,SUMMER20
51643,1587,2025-09-19 03:27:17,отменен,
51644,1968,2025-02-14 07:18:54,оплачен,
51645,1876,2026-04-16 05:00:07,оплачен,WELCOME10
51646,1936,2025-09-28 10:20:23,оплачен,WELCOME10
51647,1811,2025-08-20 14:54:56,отменен,
51648,1150,2026-01-11 20:09:55,отменен,
51649,1660,2025-07-06 00:55:06,оплачен,SUMMER20
51650,1008,2025-06-17 09:30:59,оплачен,
51651,1029,2026-02-08 16:49:36,оплачен,
51652,1296,2026-02-09 15:07:23,оплачен,
51653,1986,2025-12-13 10:31:05,оплачен,
51654,1926,2025-05-14 02:32:17,оплачен,
51655,1721,2025-01-24 09:36:25,оплачен,
51656,1640,2025-07-26 16:00:24,оплачен,
51657,1340,2025-11-14 06:09:19,оплачен,
51658,1628,2025-03-09 23:15:36,оплачен,
51659,1439,2025-08-26 16:47:19,оплачен,
51660,1144,2025-02-04 15:18:57,отменен,
51661,1942,2025-11-07 20:41:57,оплачен,WELCOME10
51662,1830,2025-07-05 06:44:34,отменен,
51663,1747,2025-07-29 00:25:34,оплачен,
51664,1519,2025-12-18 09:58:58,оплачен,
51665,1976,2026-03-08 21:58:05,оплачен,
51666,1045,2025-03-29 20:06:56,оплачен,WELCOME10
51667,1955,2025-07-04 20:58:04,оплачен,
51668,1239,2026-05-10 21:17:34,оплачен,
51669,1952,2025-10-09 17:49:55,оплачен,
51670,1944,2025-08-22 01:12:53,оплачен,
51671,1155,2025-12-24 04:02:36,оплачен,SALE5
51672,1181,2025-06-19 04:02:34,оплачен,
51673,1215,2025-08-21 17:57:51,оплачен,
51674,1088,2026-01-10 07:16:39,оплачен,
51675,1256,2026-04-16 07:52:55,оплачен,
51676,1511,2025-07-30 11:47:30,отменен,
51677,1073,2025-07-21 18:09:38,оплачен,
51678,1931,2025-10-21 04:47:40,оплачен,WELCOME10
51679,1179,2026-03-06 19:53:57,оплачен,
51680,1212,2026-01-14 10:06:28,оплачен,
51681,1805,2026-02-16 08:35:47,оплачен,
51682,1234,2026-01-02 18:55:30,отменен,
51683,1465,2025-03-18 08:44:32,оплачен,
51684,1751,2025-08-15 06:15:18,оплачен,
51685,1223,2025-09-27 17:50:10,оплачен,
51686,1631,2025-05-07 11:57:41,оплачен,
51687,1825,2025-07-12 11:20:09,оплачен,WELCOME10
51688,1264,2025-07-27 17:35:27,оплачен,
51689,1207,2026-01-18 04:36:59,оплачен,
51690,1607,2026-04-14 02:39:53,оплачен,
51691,1885,2025-11-19 17:40:44,оплачен,
51692,1734,2026-03-22 09:08:21,оплачен,
51693,1366,2025-09-18 04:11:00,оплачен,
51694,1276,2025-11-24 21:37:50,оплачен,WELCOME10
51695,1380,2025-10-23 15:30:50,оплачен,
51696,1743,2026-02-25 09:58:17,оплачен,
51697,1309,2026-01-30 17:02:57,оплачен,SALE5
51698,1631,2025-03-30 02:54:24,оплачен,
51699,1268,2025-11-10 11:26:51,отменен,
51700,1945,2025-10-02 23:07:08,оплачен,
51701,1785,2025-08-27 04:29:52,оплачен,
51702,1064,2025-06-15 20:15:23,оплачен,
51703,1810,2026-02-23 03:39:38,оплачен,
51704,1350,2025-03-22 05:04:13,отменен,
51705,1925,2025-07-14 09:49:03,оплачен,WELCOME10
51706,1915,2025-10-06 23:10:16,оплачен,WELCOME10
51707,1494,2025-07-13 20:56:25,оплачен,WELCOME10
51708,1523,2025-11-25 15:43:44,оплачен,WELCOME10
51709,1098,2025-05-01 00:30:47,оплачен,WELCOME10
51710,1946,2025-03-24 05:43:07,оплачен,WELCOME10
51711,1071,2025-04-18 01:43:52,оплачен,WELCOME10
51712,1364,2025-09-18 15:42:51,оплачен,
51713,1570,2025-05-17 09:16:11,оплачен,
51714,1802,2025-05-22 05:18:42,оплачен,
51715,1763,2025-11-21 20:28:05,оплачен,SUMMER20
51716,1276,2025-12-09 23:24:15,оплачен,
51717,1050,2026-01-07 05:36:20,оплачен,
51718,1358,2026-04-18 01:27:37,оплачен,WELCOME10
51719,1728,2025-11-20 16:13:06,оплачен,
51720,1906,2025-08-30 19:30:29,оплачен,
51721,1928,2026-02-03 17:29:33,оплачен,
51722,1564,2025-11-09 10:26:23,оплачен,
51723,1783,2025-05-26 18:17:12,оплачен,
51724,1485,2025-12-21 23:50:22,отменен,
51725,1084,2026-04-04 16:29:30,оплачен,WELCOME10
51726,1899,2025-06-13 21:43:27,оплачен,WELCOME10
51727,1805,2026-01-31 11:50:45,отменен,
51728,1638,2025-07-21 12:05:23,оплачен,WELCOME10
51729,1808,2025-01-30 18:35:50,оплачен,WELCOME10
51730,1584,2025-07-14 15:58:35,оплачен,
51731,1296,2026-01-24 07:58:28,оплачен,
51732,1236,2026-01-29 04:52:53,оплачен,SUMMER20
51733,1056,2025-10-23 12:25:13,оплачен,SALE5
51734,1919,2025-09-17 06:36:52,оплачен,
51735,1360,2025-10-24 22:43:37,оплачен,
51736,1907,2026-04-21 03:50:43,оплачен,WELCOME10
51737,1110,2025-05-30 02:22:26,оплачен,
51738,1192,2025-06-19 19:59:07,отменен,
51739,1904,2026-01-05 15:40:02,отменен,
51740,1093,2026-04-02 14:05:58,оплачен,SUMMER20
51741,1862,2025-08-17 04:12:31,отменен,
51742,1568,2025-12-25 12:53:10,оплачен,
51743,1060,2025-06-28 07:31:23,отменен,WELCOME10
51744,1650,2025-07-16 13:44:02,оплачен,
51745,1039,2025-12-05 19:46:14,оплачен,SUMMER20
51746,1540,2025-03-06 20:44:40,оплачен,
51747,1049,2025-05-09 09:43:45,оплачен,SUMMER20
51748,1420,2025-07-24 07:47:13,оплачен,
51749,1637,2026-02-12 17:06:14,отменен,
51750,1013,2025-04-28 16:50:54,оплачен,
51751,1992,2025-12-31 08:55:55,оплачен,
51752,1036,2025-05-12 02:23:32,оплачен,WELCOME10
51753,1101,2025-07-24 07:28:22,оплачен,
51754,1794,2025-03-01 16:53:54,оплачен,
51755,1086,2025-11-29 20:29:52,оплачен,SUMMER20
51756,1516,2025-05-13 14:15:50,оплачен,
51757,1223,2025-09-27 22:32:43,оплачен,SUMMER20
51758,1338,2025-05-09 15:11:19,оплачен,
51759,1960,2026-01-29 07:58:28,оплачен,
51760,1166,2025-05-31 00:57:52,оплачен,WELCOME10
51761,1383,2025-07-19 21:44:12,оплачен,
51762,1856,2025-11-05 23:14:35,оплачен,
51763,1895,2025-11-25 11:36:06,отменен,
51764,1376,2026-02-06 11:35:51,оплачен,
51765,1471,2025-07-10 07:16:39,оплачен,WELCOME10
51766,1790,2025-11-16 00:51:33,оплачен,
51767,1642,2025-06-21 23:20:32,оплачен,
51768,1031,2025-06-09 00:40:02,оплачен,WELCOME10
51769,1375,2025-10-14 14:30:53,оплачен,
51770,1011,2026-01-04 05:28:16,оплачен,SUMMER20
51771,1988,2025-12-19 21:23:16,оплачен,SALE5
51772,1302,2025-09-19 18:49:10,оплачен,
51773,1096,2025-10-10 09:38:04,оплачен,
51774,1190,2025-05-31 20:17:34,оплачен,
51775,1453,2026-01-09 14:04:12,оплачен,
51776,1192,2025-07-05 22:20:36,отменен,
51777,1486,2026-03-12 06:25:41,оплачен,
51778,1266,2025-02-25 08:26:03,оплачен,
51779,1424,2025-08-01 20:39:24,оплачен,SALE5
51780,1128,2025-07-28 20:34:48,оплачен,
51781,1238,2025-06-19 08:36:56,отменен,WELCOME10
51782,1920,2025-12-04 14:27:13,оплачен,
51783,1355,2025-10-20 20:19:33,оплачен,
51784,1940,2025-12-29 00:23:19,оплачен,
51785,1112,2025-11-13 23:42:39,оплачен,SUMMER20
51786,1828,2025-02-21 03:37:15,оплачен,SUMMER20
51787,1446,2025-04-30 14:45:22,оплачен,
51788,1343,2025-05-21 11:47:14,оплачен,
51789,1145,2025-04-07 12:42:48,оплачен,
51790,1065,2025-12-07 14:13:41,оплачен,
51791,1247,2025-12-24 09:03:26,отменен,
51792,1735,2026-04-02 08:52:51,оплачен,SALE5
51793,1991,2025-03-24 08:52:56,оплачен,
51794,1490,2025-12-01 19:42:42,оплачен,
51795,1825,2025-11-11 20:41:03,оплачен,WELCOME10
51796,1439,2025-12-25 10:40:27,оплачен,WELCOME10
51797,1106,2025-06-17 08:53:29,оплачен,
51798,1181,2025-09-22 01:45:02,оплачен,
51799,1184,2026-03-27 05:42:52,оплачен,WELCOME10
51800,1226,2025-07-17 11:04:08,оплачен,
51801,1777,2025-01-29 17:18:02,оплачен,WELCOME10
51802,1790,2025-09-24 03:30:48,оплачен,
51803,1909,2025-08-16 22:22:33,оплачен,SUMMER20
51804,1089,2026-01-06 08:04:14,оплачен,
51805,1688,2025-04-04 18:27:02,оплачен,SUMMER20
51806,1530,2025-10-16 03:23:30,оплачен,
51807,1371,2025-09-10 12:58:10,оплачен,
51808,1972,2025-04-14 16:53:00,оплачен,WELCOME10
51809,1936,2025-12-17 14:25:52,оплачен,
51810,1913,2025-02-01 22:29:09,оплачен,SUMMER20
51811,1399,2025-08-24 11:24:21,оплачен,
51812,1106,2025-08-19 08:55:56,оплачен,
51813,1271,2025-10-15 19:40:46,оплачен,
51814,1975,2025-07-22 20:52:00,оплачен,
51815,1831,2025-08-11 18:13:07,отменен,
51816,1503,2026-05-19 14:45:52,оплачен,SUMMER20
51817,1679,2025-06-17 10:27:56,оплачен,
51818,1525,2025-10-02 18:17:51,оплачен,
51819,1849,2025-11-29 01:31:28,отменен,
51820,1032,2025-09-18 06:07:18,оплачен,WELCOME10
51821,1393,2026-03-27 09:21:28,оплачен,
51822,1040,2025-12-18 12:45:34,оплачен,
51823,1660,2025-10-09 02:18:09,отменен,
51824,1218,2025-05-23 10:46:25,отменен,
51825,1731,2025-09-03 12:31:36,отменен,SALE5
51826,1981,2026-03-02 12:08:56,оплачен,SALE5
51827,1082,2025-04-08 23:36:47,оплачен,WELCOME10
51828,1845,2025-07-24 11:20:10,отменен,
51829,1720,2025-04-30 18:57:43,отменен,WELCOME10
51830,1201,2025-06-19 13:33:33,оплачен,
51831,1447,2025-12-02 03:51:54,оплачен,
51832,1844,2025-07-26 09:44:01,оплачен,
51833,1428,2025-11-12 18:05:18,отменен,
51834,1038,2025-10-09 13:09:02,отменен,
51835,1211,2025-10-12 14:22:22,отменен,
51836,1444,2025-07-16 18:27:25,отменен,SALE5
51837,1327,2025-06-23 14:03:54,отменен,
51838,1761,2025-09-14 02:06:54,оплачен,
51839,1227,2025-07-03 09:18:27,оплачен,
51840,1048,2026-02-04 18:36:22,оплачен,
51841,1018,2025-01-25 12:12:42,оплачен,
51842,1912,2026-01-24 15:14:16,оплачен,
51843,1439,2025-10-03 18:03:21,отменен,
51844,1807,2026-02-02 04:38:33,оплачен,
51845,1708,2026-02-14 11:41:39,оплачен,
51846,1187,2026-04-04 11:01:58,оплачен,SUMMER20
51847,1345,2025-09-27 21:16:25,оплачен,
51848,1224,2025-09-25 06:43:07,оплачен,
51849,1830,2025-08-16 02:16:27,оплачен,
51850,1488,2025-11-23 21:37:56,оплачен,
51851,1909,2025-07-10 04:12:26,оплачен,
51852,1877,2025-03-21 21:29:42,оплачен,
51853,1849,2026-01-09 01:43:59,оплачен,
51854,1229,2025-04-20 20:34:41,оплачен,SALE5
51855,1390,2026-04-17 07:38:32,оплачен,
51856,1979,2026-01-13 04:47:24,оплачен,WELCOME10
51857,1589,2025-12-20 16:23:20,оплачен,WELCOME10
51858,1188,2025-12-13 11:32:29,отменен,
51859,1858,2025-10-27 18:56:48,оплачен,
51860,1270,2025-10-06 12:26:07,оплачен,WELCOME10
51861,1607,2026-02-07 07:19:07,оплачен,
51862,1310,2026-02-04 06:13:27,оплачен,
51863,1132,2025-08-28 10:07:12,оплачен,WELCOME10
51864,1551,2025-12-23 02:22:45,оплачен,
51865,1072,2025-04-18 01:50:11,оплачен,
51866,1793,2025-06-04 19:35:02,оплачен,
51867,1845,2025-09-30 02:56:46,оплачен,WELCOME10
51868,1672,2026-03-07 01:43:36,оплачен,WELCOME10
51869,1187,2026-03-16 21:09:02,оплачен,
51870,1486,2026-02-08 23:24:21,отменен,
51871,1191,2025-09-14 06:46:29,оплачен,
51872,1422,2025-11-26 19:25:42,оплачен,
51873,1120,2025-10-21 20:00:36,оплачен,WELCOME10
51874,1220,2025-05-11 20:45:08,отменен,
51875,1053,2026-04-22 14:20:30,оплачен,
51876,1734,2026-02-06 21:21:11,оплачен,
51877,1451,2025-09-01 20:15:25,оплачен,
51878,1412,2025-04-12 08:45:39,оплачен,
51879,1643,2025-12-02 11:41:29,оплачен,
51880,1237,2025-03-09 19:25:52,оплачен,
51881,1758,2025-11-14 18:46:07,оплачен,
51882,1738,2025-04-06 20:41:34,оплачен,
51883,1720,2025-05-09 02:31:57,оплачен,
51884,1406,2025-01-31 15:16:31,оплачен,WELCOME10
51885,1608,2025-07-27 19:19:47,оплачен,WELCOME10
51886,1422,2026-03-05 01:19:46,оплачен,
51887,1712,2025-06-09 18:43:39,отменен,
51888,1247,2025-12-15 11:38:49,оплачен,
51889,1072,2025-07-30 13:07:23,отменен,SALE5
51890,1830,2025-06-21 21:13:04,оплачен,
51891,1185,2026-01-20 01:59:15,оплачен,SUMMER20
51892,1006,2026-01-29 06:15:06,оплачен,
51893,1206,2025-04-16 13:43:32,оплачен,
51894,1544,2025-02-17 11:19:52,оплачен,
51895,1611,2025-11-24 03:06:31,оплачен,
51896,1906,2025-07-20 21:05:47,оплачен,
51897,1387,2025-11-14 22:53:37,оплачен,
51898,1768,2025-03-21 15:10:31,оплачен,
51899,1699,2025-08-02 05:23:32,оплачен,WELCOME10
51900,1076,2026-01-05 18:11:55,оплачен,
51901,1177,2025-10-07 05:17:44,оплачен,
51902,1827,2026-02-22 22:12:52,отменен,
51903,1799,2025-09-07 20:48:40,оплачен,
51904,1349,2025-08-22 12:33:35,оплачен,
51905,1255,2025-06-22 01:35:17,отменен,
51906,1837,2025-01-13 18:41:17,оплачен,
51907,1702,2025-10-02 20:09:36,оплачен,
51908,1308,2026-02-12 12:54:16,отменен,
51909,1345,2025-07-24 23:43:13,оплачен,
51910,1127,2025-06-28 07:54:36,оплачен,
51911,1937,2025-05-17 13:40:29,оплачен,
51912,1287,2025-05-19 07:45:53,оплачен,
51913,1766,2025-10-23 10:13:20,отменен,WELCOME10
51914,1725,2025-04-18 07:02:27,оплачен,
51915,1762,2025-10-26 22:17:34,оплачен,
51916,1596,2025-08-17 11:46:49,оплачен,
51917,1487,2025-05-24 06:10:57,оплачен,
51918,1383,2025-07-31 10:58:46,оплачен,
51919,1406,2025-03-14 12:13:48,отменен,
51920,1388,2026-02-05 09:24:32,оплачен,
51921,1525,2026-01-04 14:15:43,оплачен,
51922,1557,2025-06-07 05:05:43,отменен,
51923,1639,2026-05-14 03:55:03,оплачен,WELCOME10
51924,1938,2026-02-07 23:31:43,отменен,
51925,1626,2025-10-20 08:40:07,оплачен,WELCOME10
51926,1945,2025-08-15 00:22:20,оплачен,
51927,1276,2025-12-05 11:56:01,оплачен,
51928,1500,2026-02-12 03:19:49,отменен,
51929,1717,2026-04-15 15:58:13,оплачен,WELCOME10
51930,1337,2025-06-25 07:11:40,оплачен,WELCOME10
51931,1950,2025-03-25 17:01:54,оплачен,
51932,1932,2025-06-07 23:13:05,оплачен,
51933,1481,2026-03-08 07:30:16,оплачен,
51934,1897,2025-03-10 11:48:12,отменен,WELCOME10
51935,1911,2025-09-14 11:47:24,отменен,SUMMER20
51936,1973,2025-07-18 04:24:15,оплачен,
51937,1273,2026-02-08 13:05:24,оплачен,WELCOME10
51938,1920,2025-11-15 10:11:12,оплачен,
51939,1058,2025-12-26 06:33:05,оплачен,
51940,1328,2025-09-01 05:49:51,оплачен,SUMMER20
51941,1731,2025-09-19 07:07:39,отменен,WELCOME10
51942,1109,2025-11-24 11:14:35,отменен,SUMMER20
51943,1279,2025-07-19 02:45:21,оплачен,
51944,1686,2026-02-26 07:44:54,оплачен,
51945,1328,2025-09-24 04:30:12,оплачен,
51946,1776,2025-11-08 19:32:15,оплачен,SALE5
51947,1315,2025-05-08 22:23:33,оплачен,
51948,1474,2025-06-27 05:36:03,отменен,WELCOME10
51949,1111,2025-04-09 04:49:41,отменен,
51950,1699,2025-09-13 21:59:14,отменен,
51951,1781,2026-02-11 08:42:57,отменен,
51952,1935,2025-09-18 16:20:08,оплачен,
51953,1229,2025-07-31 10:22:48,оплачен,
51954,1497,2025-09-24 14:00:53,оплачен,WELCOME10
51955,1156,2025-10-03 19:32:40,оплачен,
51956,1473,2025-07-26 21:12:06,оплачен,
51957,1701,2025-11-22 12:42:08,оплачен,
51958,1272,2025-11-26 15:09:10,оплачен,SALE5
51959,1887,2026-01-24 11:59:30,оплачен,
51960,1002,2025-03-22 18:43:31,оплачен,
51961,1758,2025-09-16 20:16:34,оплачен,
51962,1722,2026-02-27 18:03:22,оплачен,SALE5
51963,1511,2025-04-11 11:52:20,оплачен,
51964,1913,2025-04-25 16:39:12,оплачен,
51965,1286,2025-06-19 04:49:14,оплачен,
51966,1871,2025-06-01 16:56:14,оплачен,
51967,1013,2025-03-05 05:16:47,оплачен,
51968,1608,2025-05-06 08:58:04,оплачен,
51969,1498,2025-05-06 23:13:16,отменен,
51970,1733,2025-09-01 18:32:00,оплачен,
51971,1238,2025-05-20 13:26:05,оплачен,
51972,1094,2025-10-18 00:29:45,отменен,WELCOME10
51973,1338,2025-09-06 18:18:50,отменен,
51974,1781,2026-01-06 03:19:18,оплачен,
51975,1171,2025-11-19 01:03:55,оплачен,
51976,1981,2025-12-22 06:47:06,оплачен,
51977,1606,2025-09-25 21:18:08,оплачен,WELCOME10
51978,1661,2025-05-30 19:41:44,оплачен,
51979,1624,2025-10-17 15:53:16,отменен,SUMMER20
51980,1567,2026-02-19 12:11:09,отменен,
51981,1849,2025-12-04 07:20:21,оплачен,
51982,1936,2025-08-26 01:47:43,оплачен,
51983,1467,2025-02-19 02:53:25,отменен,
51984,1628,2025-06-04 03:25:33,оплачен,
51985,1143,2025-11-25 09:47:54,оплачен,
51986,1201,2025-08-21 17:53:13,оплачен,WELCOME10
51987,1180,2025-06-05 14:16:52,оплачен,
51988,1714,2025-10-30 05:22:45,оплачен,
51989,1364,2025-07-25 02:38:14,оплачен,WELCOME10
51990,1479,2025-06-02 23:27:15,оплачен,
51991,1565,2025-09-08 07:38:05,оплачен,
51992,1471,2025-09-28 11:46:58,оплачен,WELCOME10
51993,1384,2025-02-06 01:16:26,оплачен,SALE5
51994,1692,2026-01-24 18:23:06,оплачен,WELCOME10
51995,1926,2025-02-14 15:11:22,оплачен,
51996,1417,2025-10-13 12:22:37,оплачен,
51997,1825,2025-10-03 12:49:34,оплачен,
51998,1308,2026-01-04 12:04:56,оплачен,
51999,1649,2026-03-25 04:59:31,отменен,SUMMER20
52000,1694,2025-10-16 23:59:17,оплачен,
52001,1367,2025-05-28 21:09:23,отменен,SALE5
52002,1001,2025-08-03 14:20:24,оплачен,WELCOME10
52003,1044,2025-06-11 22:21:03,оплачен,
52004,1739,2025-12-18 05:27:30,отменен,WELCOME10
52005,1843,2025-06-19 06:41:22,отменен,
52006,1098,2025-03-15 15:01:23,отменен,
52007,1720,2025-08-09 12:00:05,оплачен,SUMMER20
52008,1265,2026-03-04 12:59:54,оплачен,
52009,1800,2025-12-15 11:38:46,оплачен,
52010,1783,2025-07-05 00:26:47,оплачен,
52011,1140,2025-12-07 11:18:58,оплачен,SALE5
52012,1481,2026-03-16 22:43:46,оплачен,SUMMER20
52013,1237,2025-01-18 16:38:44,оплачен,
52014,1974,2025-09-17 09:47:58,оплачен,
52015,1953,2025-11-28 23:54:19,оплачен,SUMMER20
52016,1904,2025-10-07 03:04:59,оплачен,
52017,1072,2025-05-25 09:45:27,отменен,SALE5
52018,1667,2025-07-29 10:25:54,оплачен,WELCOME10
52019,1190,2025-05-31 17:39:59,оплачен,SALE5
52020,1268,2025-12-28 04:09:49,отменен,
52021,1321,2025-04-26 23:37:02,оплачен,SUMMER20
52022,1107,2026-01-25 08:36:01,оплачен,
52023,1232,2025-06-04 06:48:41,оплачен,
52024,1042,2025-06-03 19:32:03,оплачен,WELCOME10
52025,1702,2025-08-17 09:46:04,оплачен,
52026,1883,2025-07-21 04:33:08,оплачен,
52027,1139,2026-03-10 13:18:13,оплачен,
52028,1615,2025-02-13 16:59:34,оплачен,
52029,1683,2025-12-20 09:16:58,оплачен,
52030,1863,2025-07-13 07:00:44,оплачен,SUMMER20
52031,1273,2026-01-05 03:06:45,оплачен,
52032,1481,2026-03-13 23:27:42,оплачен,WELCOME10
52033,1416,2025-07-08 04:19:02,оплачен,
52034,1506,2026-03-06 18:47:07,оплачен,SUMMER20
52035,1733,2025-11-24 15:02:00,оплачен,SALE5
52036,1725,2025-04-28 08:53:25,оплачен,
52037,1853,2025-07-18 08:55:50,оплачен,SALE5
52038,1424,2025-07-24 04:40:12,оплачен,
52039,1407,2025-11-09 14:03:35,оплачен,WELCOME10
52040,1568,2026-01-03 05:26:55,оплачен,
52041,1390,2026-04-10 19:47:02,оплачен,SALE5
52042,1342,2025-06-04 14:06:35,оплачен,
52043,1946,2025-06-27 23:47:13,оплачен,
52044,1614,2026-01-27 16:52:45,оплачен,
52045,1933,2025-12-17 02:21:18,оплачен,WELCOME10
52046,1493,2025-08-05 09:40:32,отменен,
52047,1192,2025-09-08 02:50:31,оплачен,
52048,1499,2025-07-19 05:23:34,оплачен,
52049,1822,2025-05-12 05:39:53,оплачен,
52050,1712,2025-09-25 11:41:34,оплачен,
52051,1233,2025-04-17 12:55:35,отменен,
52052,1945,2025-10-23 10:11:10,оплачен,SUMMER20
52053,1227,2025-08-11 11:26:40,оплачен,WELCOME10
52054,1371,2025-11-10 02:02:19,оплачен,
52055,1139,2026-01-30 07:05:19,оплачен,SUMMER20
52056,1856,2026-03-15 20:43:47,оплачен,SALE5
52057,1817,2026-02-26 12:21:34,оплачен,WELCOME10
52058,1149,2025-06-13 21:27:20,отменен,WELCOME10
52059,1115,2026-05-13 13:36:20,оплачен,
52060,1450,2025-02-18 07:59:59,оплачен,
52061,1063,2025-06-01 14:59:28,оплачен,
52062,1104,2025-09-23 18:25:19,оплачен,
52063,1851,2026-01-10 18:26:24,оплачен,
52064,1871,2025-07-14 05:51:22,оплачен,
52065,1668,2025-02-23 02:09:14,оплачен,
52066,1273,2026-03-13 15:16:18,оплачен,
52067,1006,2025-12-26 15:04:04,отменен,
52068,1147,2026-01-28 13:49:25,оплачен,
52069,1184,2026-01-09 04:06:15,оплачен,WELCOME10
52070,1998,2025-06-13 04:55:40,оплачен,WELCOME10
52071,1028,2025-11-21 03:47:55,оплачен,
52072,1962,2025-06-24 14:35:05,оплачен,
52073,1550,2025-11-26 03:37:36,оплачен,
52074,1119,2025-08-02 15:09:40,оплачен,
52075,1293,2025-03-31 13:03:43,оплачен,
52076,1371,2025-09-21 09:35:49,оплачен,
52077,1244,2025-06-14 13:17:32,оплачен,
52078,1580,2025-04-03 15:14:53,оплачен,
52079,1726,2025-08-11 05:37:02,оплачен,
52080,1218,2025-02-17 11:35:32,оплачен,SUMMER20
52081,1177,2025-10-16 00:30:20,оплачен,
52082,1299,2025-04-23 07:55:36,оплачен,
52083,1676,2025-05-31 01:11:21,оплачен,
52084,1058,2025-10-04 06:42:03,оплачен,
52085,1269,2025-12-17 04:37:31,оплачен,
52086,1308,2026-04-06 00:24:41,оплачен,WELCOME10
52087,1570,2025-05-07 16:07:58,оплачен,
52088,1288,2025-09-05 19:17:26,отменен,
52089,1977,2025-11-09 15:01:04,отменен,WELCOME10
52090,1105,2025-05-03 02:26:53,отменен,
52091,1228,2026-01-06 15:05:50,оплачен,
52092,1247,2025-12-16 17:13:37,оплачен,
52093,1700,2026-04-11 14:47:32,оплачен,
52094,1494,2025-05-03 04:04:28,оплачен,WELCOME10
52095,1083,2026-01-26 20:05:01,оплачен,
52096,1186,2026-01-06 13:42:03,оплачен,
52097,1252,2025-07-24 08:55:02,оплачен,
52098,1355,2025-11-21 00:56:52,оплачен,
52099,1750,2026-04-12 18:47:10,оплачен,SALE5
52100,1872,2025-09-08 22:00:25,оплачен,
52101,1696,2025-04-07 08:59:58,оплачен,
52102,1796,2026-04-09 21:07:57,отменен,
52103,1897,2025-02-19 06:18:24,оплачен,
52104,1938,2025-12-12 20:23:23,оплачен,
52105,1210,2025-11-22 18:49:46,оплачен,
52106,1816,2025-06-07 13:52:31,оплачен,
52107,1808,2025-04-27 15:38:39,оплачен,
52108,1609,2025-09-24 14:39:12,оплачен,WELCOME10
52109,1447,2025-11-15 14:25:11,оплачен,
52110,1460,2025-08-31 18:45:26,оплачен,
52111,1968,2025-04-29 16:50:26,оплачен,
52112,1472,2025-12-31 22:38:00,оплачен,
52113,1720,2025-05-27 19:06:07,оплачен,
52114,1370,2025-07-13 02:44:09,оплачен,
52115,1900,2026-04-04 22:56:26,оплачен,WELCOME10
52116,1934,2026-04-03 21:48:03,оплачен,
52117,1492,2025-12-17 22:47:18,оплачен,
52118,1923,2025-01-16 02:27:16,оплачен,
52119,1137,2025-06-24 16:21:29,оплачен,
52120,1367,2025-09-10 16:20:35,оплачен,
52121,1912,2025-10-30 22:37:11,оплачен,
52122,1184,2026-01-26 21:56:19,оплачен,WELCOME10
52123,1588,2026-02-11 16:41:06,оплачен,
52124,1287,2025-05-22 15:28:12,отменен,
52125,1472,2025-08-19 01:15:29,оплачен,
52126,1375,2025-12-04 05:44:06,оплачен,SUMMER20
52127,1654,2026-01-28 23:06:33,оплачен,
52128,1749,2026-01-03 16:12:29,оплачен,
52129,1537,2026-01-23 20:59:58,оплачен,WELCOME10
52130,1511,2025-05-23 19:33:04,оплачен,
52131,1802,2025-03-12 10:53:16,оплачен,WELCOME10
52132,1579,2025-10-31 12:21:36,оплачен,
52133,1250,2026-01-03 15:59:53,оплачен,
52134,1920,2025-12-10 15:45:05,отменен,
52135,1510,2025-12-25 15:22:19,оплачен,
52136,1630,2025-08-16 14:43:40,оплачен,SALE5
52137,1073,2025-04-18 19:56:35,оплачен,
52138,1282,2025-09-21 07:21:21,оплачен,
52139,1916,2025-11-25 23:59:59,оплачен,
52140,1960,2025-12-25 20:26:16,оплачен,
52141,1360,2025-11-08 17:41:25,оплачен,
52142,1010,2025-10-12 03:00:03,оплачен,SALE5
52143,1211,2025-11-20 03:48:08,оплачен,SUMMER20
52144,1835,2026-01-04 18:44:03,отменен,SUMMER20
52145,1152,2026-01-06 12:22:15,оплачен,
52146,1005,2025-12-05 04:07:47,оплачен,
52147,1195,2025-10-04 15:04:15,отменен,
52148,1954,2025-02-10 18:00:08,оплачен,
52149,1283,2025-06-08 12:57:46,отменен,
52150,1464,2025-08-14 08:12:47,оплачен,
52151,1113,2025-09-22 14:16:45,оплачен,WELCOME10
52152,1271,2025-08-18 20:39:35,отменен,
52153,1163,2025-12-09 23:46:04,оплачен,WELCOME10
52154,1460,2025-09-02 05:27:58,отменен,
52155,1105,2025-03-21 05:01:42,оплачен,
52156,1693,2025-07-26 21:20:39,отменен,SALE5
52157,1556,2025-11-04 21:47:45,оплачен,
52158,1282,2025-09-25 16:36:45,оплачен,WELCOME10
52159,1687,2025-07-24 14:06:13,оплачен,
52160,1162,2025-04-21 05:02:36,отменен,
52161,1983,2025-08-17 10:12:47,оплачен,
52162,1351,2025-12-08 16:16:10,оплачен,
52163,1434,2025-09-04 09:28:47,оплачен,
52164,1852,2025-07-29 09:12:43,оплачен,
52165,1140,2025-10-27 06:26:53,оплачен,WELCOME10
52166,1471,2025-07-02 12:11:43,оплачен,SUMMER20
52167,1132,2025-04-22 04:56:56,оплачен,SUMMER20
52168,1087,2026-01-17 22:57:51,оплачен,
52169,1688,2025-05-06 10:47:32,отменен,
52170,1183,2025-05-17 10:08:13,оплачен,
52171,1368,2025-08-20 06:47:02,оплачен,
52172,1129,2025-10-24 11:17:59,оплачен,SUMMER20
52173,1246,2025-11-26 22:54:21,оплачен,WELCOME10
52174,1601,2025-06-26 11:39:18,оплачен,
52175,1578,2025-07-18 00:02:26,оплачен,SUMMER20
52176,1670,2026-01-04 17:29:01,оплачен,
52177,1899,2025-03-18 00:41:19,оплачен,
52178,1378,2025-10-21 09:04:49,оплачен,
52179,1149,2025-07-21 14:19:07,оплачен,
52180,1985,2025-05-16 20:29:26,оплачен,
52181,1852,2025-05-07 03:39:00,оплачен,
52182,1433,2025-01-25 17:00:10,оплачен,SUMMER20
52183,1628,2025-04-26 01:00:30,отменен,
52184,1726,2025-06-19 21:21:41,оплачен,WELCOME10
52185,1469,2025-07-03 14:16:29,оплачен,SUMMER20
52186,1446,2025-03-19 02:57:20,оплачен,
52187,1481,2026-03-14 02:40:42,оплачен,
52188,1884,2025-04-30 21:59:23,оплачен,WELCOME10
52189,1294,2026-01-20 21:03:21,оплачен,SUMMER20
52190,1765,2025-07-22 12:09:01,оплачен,WELCOME10
52191,1143,2025-11-23 15:17:16,оплачен,
52192,1250,2026-01-21 12:22:45,оплачен,
52193,1878,2025-09-11 20:09:55,оплачен,WELCOME10
52194,1948,2026-02-22 12:11:08,оплачен,
52195,1975,2025-06-04 23:53:33,отменен,
52196,1302,2025-08-26 08:04:14,оплачен,
52197,1025,2025-06-16 03:50:51,отменен,
52198,1789,2025-05-28 06:57:07,оплачен,
52199,1984,2025-12-24 12:23:52,оплачен,
52200,1889,2025-07-20 22:42:26,оплачен,
52201,1890,2025-07-21 04:37:25,оплачен,SUMMER20
52202,1901,2025-12-09 23:38:59,оплачен,
52203,1070,2025-10-12 14:50:47,оплачен,
52204,1625,2025-06-30 12:36:02,оплачен,WELCOME10
52205,1875,2025-09-17 13:47:21,оплачен,SALE5
52206,1112,2026-01-03 03:44:39,оплачен,WELCOME10
52207,1364,2025-05-18 04:01:14,оплачен,
52208,1303,2026-02-18 10:44:22,оплачен,WELCOME10
52209,1471,2025-07-16 04:02:37,оплачен,
52210,1964,2025-11-12 23:16:39,оплачен,
52211,1091,2025-08-22 01:20:54,оплачен,
52212,1530,2025-11-03 02:48:28,оплачен,
52213,1661,2025-04-06 20:36:22,отменен,
52214,1988,2025-11-29 07:11:45,оплачен,WELCOME10
52215,1739,2025-08-30 14:52:23,оплачен,
52216,1726,2025-07-12 02:01:05,оплачен,WELCOME10
52217,1872,2025-06-17 08:09:35,оплачен,
52218,1663,2026-03-22 08:23:21,оплачен,
52219,1192,2025-06-03 00:59:21,оплачен,
52220,1963,2025-04-26 18:18:05,оплачен,
52221,1552,2025-12-17 12:58:25,оплачен,SUMMER20
52222,1242,2025-07-21 03:55:01,оплачен,
52223,1138,2025-07-23 06:19:49,оплачен,
52224,1345,2025-10-18 22:12:16,оплачен,WELCOME10
52225,1180,2025-06-18 13:19:59,оплачен,
52226,1712,2025-06-21 02:25:25,оплачен,
52227,1503,2026-05-10 00:25:23,оплачен,
52228,1203,2025-05-06 13:02:12,оплачен,
52229,1573,2025-07-10 13:20:25,оплачен,SUMMER20
52230,1192,2025-04-23 18:39:03,оплачен,
52231,1005,2026-01-03 10:00:39,оплачен,
52232,1890,2025-09-13 20:51:51,оплачен,WELCOME10
52233,1237,2025-05-16 10:26:13,оплачен,
52234,1693,2025-09-11 15:45:11,оплачен,WELCOME10
52235,1311,2025-03-04 23:45:17,оплачен,
52236,1549,2025-04-29 08:16:37,оплачен,WELCOME10
52237,1056,2025-11-01 07:57:12,отменен,
52238,1443,2025-07-30 05:20:50,оплачен,
52239,1237,2025-02-21 06:35:24,оплачен,
52240,1870,2025-08-12 11:13:44,оплачен,SUMMER20
52241,1861,2025-08-30 09:49:47,оплачен,
52242,1197,2025-11-24 07:45:04,оплачен,
52243,1585,2026-02-18 23:39:56,оплачен,SALE5
52244,1571,2025-07-21 05:15:59,отменен,
52245,1752,2025-10-18 11:10:02,оплачен,
52246,1514,2026-02-01 11:36:05,оплачен,
52247,1449,2025-09-25 17:15:22,оплачен,WELCOME10
52248,1360,2025-12-18 02:07:37,отменен,
52249,1700,2026-02-27 11:43:30,оплачен,WELCOME10
52250,1819,2025-06-07 09:53:13,оплачен,
52251,1030,2025-11-25 12:40:06,оплачен,WELCOME10
52252,1779,2025-04-24 04:49:03,оплачен,
52253,1988,2026-01-01 02:57:43,оплачен,
52254,1108,2026-03-05 11:18:09,оплачен,WELCOME10
52255,1844,2025-05-05 00:16:15,оплачен,
52256,1935,2025-06-30 20:08:58,оплачен,
52257,1602,2025-09-23 08:11:54,оплачен,WELCOME10
52258,1717,2026-01-31 14:01:10,оплачен,
52259,1891,2025-06-02 07:54:31,оплачен,
52260,1968,2025-06-02 20:19:38,оплачен,
52261,1959,2026-02-07 07:49:48,оплачен,
52262,1960,2026-04-01 01:56:52,оплачен,
52263,1445,2025-12-31 18:06:30,оплачен,
52264,1893,2025-12-10 13:38:59,оплачен,
52265,1438,2025-12-20 03:16:36,оплачен,
52266,1732,2026-05-05 19:44:56,оплачен,
52267,1890,2025-08-01 17:19:40,оплачен,
52268,1606,2025-12-25 07:31:00,оплачен,
52269,1457,2025-08-05 08:19:44,оплачен,
52270,1615,2025-03-11 12:08:29,отменен,WELCOME10
52271,1735,2026-03-24 05:59:00,оплачен,WELCOME10
52272,1698,2025-07-04 02:35:00,оплачен,
52273,1981,2026-01-07 08:29:23,оплачен,SUMMER20
52274,1696,2025-06-25 17:13:24,оплачен,
52275,1495,2025-08-27 09:34:54,оплачен,WELCOME10
52276,1674,2025-11-16 09:12:03,оплачен,SUMMER20
52277,1247,2026-01-21 03:55:13,оплачен,SUMMER20
52278,1543,2025-08-20 09:36:22,отменен,
52279,1564,2025-12-08 11:24:02,оплачен,SUMMER20
52280,1857,2025-11-02 03:41:35,оплачен,
52281,1588,2026-01-08 09:20:53,оплачен,
52282,1897,2025-01-24 14:18:28,оплачен,
52283,1439,2025-12-08 18:17:57,отменен,
52284,1278,2025-10-28 00:47:01,оплачен,
52285,1552,2025-11-20 14:38:27,оплачен,
52286,1613,2025-09-20 09:21:52,отменен,
52287,1111,2025-04-23 13:12:00,оплачен,
52288,1385,2025-09-09 22:40:21,оплачен,
52289,1833,2025-12-02 15:50:14,оплачен,
52290,1761,2025-10-24 20:11:59,оплачен,
52291,1191,2025-10-01 20:16:40,отменен,
52292,1490,2025-12-09 22:50:56,оплачен,
52293,1694,2025-12-05 08:21:25,оплачен,WELCOME10
52294,1426,2025-11-16 06:45:46,отменен,
52295,1405,2026-02-24 05:20:13,оплачен,
52296,1335,2025-10-07 07:44:54,отменен,
52297,1209,2025-11-10 00:40:05,оплачен,
52298,1022,2025-05-09 06:40:36,оплачен,
52299,1678,2026-05-10 04:07:38,оплачен,
52300,1611,2025-10-21 12:39:42,оплачен,
52301,1208,2026-01-23 17:56:18,оплачен,
52302,1008,2025-07-02 21:01:59,оплачен,
52303,1702,2025-06-28 10:32:23,отменен,
52304,1687,2025-09-28 01:37:21,оплачен,
52305,1785,2025-07-17 15:39:50,оплачен,SUMMER20
52306,1529,2025-07-06 12:25:30,оплачен,SALE5
52307,1602,2025-09-20 06:47:22,отменен,
52308,1653,2025-03-13 11:13:55,оплачен,
52309,1657,2025-02-24 17:15:51,оплачен,
52310,1166,2025-05-25 12:57:28,оплачен,WELCOME10
52311,1849,2026-02-14 08:12:35,оплачен,SALE5
52312,1496,2025-07-25 14:13:50,отменен,
52313,1590,2026-01-12 20:57:56,оплачен,SALE5
52314,1429,2025-03-01 05:02:57,оплачен,WELCOME10
52315,1774,2025-03-23 21:51:15,оплачен,SUMMER20
52316,1163,2026-01-20 19:31:55,оплачен,WELCOME10
52317,1366,2025-08-25 16:15:37,оплачен,
52318,1526,2025-04-01 21:43:16,оплачен,
52319,1239,2026-01-13 17:47:31,оплачен,SUMMER20
52320,1072,2025-07-25 07:32:56,оплачен,WELCOME10
52321,1445,2025-12-02 02:15:27,отменен,
52322,1655,2025-11-19 14:00:40,оплачен,
52323,1822,2025-04-07 03:43:32,оплачен,
52324,1509,2025-10-28 17:22:59,оплачен,
52325,1795,2025-11-28 12:15:38,оплачен,
52326,1269,2025-09-25 13:16:11,оплачен,
52327,1753,2025-04-19 23:23:51,оплачен,
52328,1415,2025-11-17 23:19:14,оплачен,
52329,1245,2025-08-23 20:03:53,оплачен,SUMMER20
52330,1675,2025-12-22 17:01:56,оплачен,SUMMER20
52331,1060,2025-10-09 18:46:25,оплачен,SUMMER20
52332,1006,2026-03-09 09:27:55,оплачен,
52333,1709,2025-11-19 09:22:36,оплачен,WELCOME10
52334,1982,2025-10-10 19:18:44,оплачен,WELCOME10
52335,1570,2025-05-26 16:26:05,оплачен,
52336,1817,2026-01-17 01:23:37,оплачен,
52337,1407,2025-12-06 20:44:49,оплачен,WELCOME10
52338,1217,2026-01-08 13:04:49,оплачен,
52339,1930,2025-07-15 09:42:58,оплачен,WELCOME10
52340,1026,2025-08-11 14:38:40,оплачен,
52341,1815,2025-10-19 01:34:33,оплачен,SALE5
52342,1005,2025-12-14 22:18:03,оплачен,
52343,1986,2025-10-18 19:38:27,оплачен,SALE5
52344,1532,2025-08-30 18:53:47,отменен,
52345,1390,2026-01-07 13:38:56,оплачен,WELCOME10
52346,1710,2025-05-04 16:41:46,оплачен,SALE5
52347,1571,2025-07-24 05:59:16,оплачен,WELCOME10
52348,1448,2025-10-29 23:56:49,оплачен,SALE5
52349,1754,2025-03-09 04:39:38,оплачен,
52350,1146,2025-08-06 03:49:36,оплачен,
52351,1388,2025-11-02 18:30:45,оплачен,
52352,1785,2025-07-21 05:16:18,оплачен,
52353,1249,2025-08-08 03:47:56,оплачен,
52354,1526,2025-03-29 21:03:16,оплачен,
52355,1462,2025-03-03 01:10:30,оплачен,WELCOME10
52356,1013,2025-06-18 23:53:55,оплачен,
52357,1903,2025-08-29 20:20:45,оплачен,SUMMER20
52358,1384,2025-05-02 09:25:26,оплачен,
52359,1556,2025-12-28 06:07:59,оплачен,
52360,1887,2026-03-06 22:33:58,оплачен,
52361,1399,2025-11-04 08:12:22,оплачен,
52362,1019,2026-04-16 16:26:01,оплачен,
52363,1575,2026-03-08 00:25:27,отменен,
52364,1491,2026-02-25 10:04:32,отменен,
52365,1751,2025-09-05 12:07:37,оплачен,
52366,1419,2025-05-06 11:00:02,оплачен,
52367,1337,2025-08-24 07:42:58,отменен,
52368,1419,2025-04-01 07:34:38,оплачен,
52369,1915,2025-09-15 03:56:15,оплачен,
52370,1916,2026-01-25 19:50:04,оплачен,
52371,1612,2025-10-22 04:19:23,оплачен,
52372,1675,2025-12-22 12:47:53,оплачен,
52373,1928,2026-03-21 04:24:17,оплачен,
52374,1122,2025-12-27 17:07:26,оплачен,
52375,1432,2026-03-12 15:21:19,оплачен,SUMMER20
52376,1044,2025-02-28 19:01:34,оплачен,
52377,1872,2025-07-13 22:18:44,оплачен,
52378,1920,2026-02-22 21:05:13,оплачен,
52379,1317,2025-08-16 21:50:54,оплачен,WELCOME10
52380,1381,2025-09-18 06:02:46,оплачен,
52381,1145,2025-01-06 09:15:24,оплачен,
52382,1327,2025-08-12 14:23:14,оплачен,
52383,1363,2025-09-09 13:53:13,оплачен,
52384,1050,2026-03-02 13:16:17,оплачен,
52385,1065,2025-12-06 18:16:15,оплачен,
52386,1355,2025-09-22 06:51:31,оплачен,
52387,1800,2026-01-15 11:08:26,оплачен,
52388,1164,2026-03-17 19:32:09,оплачен,
52389,1141,2025-07-31 16:48:35,оплачен,WELCOME10
52390,1966,2025-10-27 17:51:22,оплачен,
52391,1826,2025-05-01 07:12:22,оплачен,
52392,1128,2025-05-03 21:19:21,оплачен,
52393,1398,2025-02-08 08:34:02,оплачен,
52394,1933,2025-09-28 00:45:16,оплачен,
52395,1880,2026-01-14 22:14:58,отменен,WELCOME10
52396,1463,2025-09-06 13:01:38,оплачен,SUMMER20
52397,1751,2025-08-24 05:58:31,оплачен,
52398,1836,2025-09-05 07:27:26,оплачен,
52399,1808,2025-01-13 00:15:38,оплачен,
52400,1187,2026-02-22 10:46:12,оплачен,
52401,1720,2025-07-21 23:01:13,оплачен,
52402,1732,2026-02-13 05:40:27,оплачен,
52403,1912,2025-11-10 06:17:55,оплачен,WELCOME10
52404,1190,2025-08-10 03:40:35,оплачен,
52405,1388,2025-10-23 23:19:45,оплачен,
52406,1429,2025-04-26 06:25:12,оплачен,WELCOME10
52407,1858,2026-02-28 22:04:43,оплачен,
52408,1284,2025-11-11 19:13:31,оплачен,WELCOME10
52409,1864,2025-03-08 23:24:51,оплачен,SALE5
52410,1237,2025-02-06 17:38:14,оплачен,
52411,1194,2026-01-03 05:47:51,оплачен,
52412,1287,2025-07-04 20:15:59,оплачен,
52413,1771,2025-09-08 15:34:16,оплачен,
52414,1758,2025-11-04 19:28:38,оплачен,SUMMER20
52415,1136,2025-10-23 18:47:21,оплачен,
52416,1792,2025-12-24 23:48:51,оплачен,
52417,1783,2025-06-02 00:01:07,оплачен,
52418,1171,2025-11-02 01:50:08,оплачен,
52419,1159,2025-08-17 14:50:52,оплачен,
52420,1201,2025-05-21 17:06:57,отменен,
52421,1487,2025-03-27 07:37:39,оплачен,
52422,1557,2025-06-02 15:38:09,оплачен,
52423,1962,2025-09-23 16:06:53,оплачен,
52424,1776,2025-11-19 03:34:50,оплачен,WELCOME10
52425,1583,2025-07-05 03:30:24,оплачен,
52426,1504,2025-05-10 12:17:20,оплачен,SUMMER20
52427,1876,2026-04-09 00:35:49,оплачен,
52428,1371,2025-08-04 19:47:20,оплачен,
52429,1103,2025-05-11 19:52:52,оплачен,
52430,1125,2025-05-03 18:22:50,оплачен,
52431,1313,2025-10-15 18:42:34,оплачен,
52432,1976,2026-04-02 19:50:41,оплачен,
52433,1995,2025-04-29 04:51:40,оплачен,
52434,1798,2025-11-29 10:15:38,оплачен,WELCOME10
52435,1458,2025-07-21 05:46:07,оплачен,
52436,1230,2025-09-07 01:29:12,отменен,
52437,1658,2026-01-24 22:28:37,оплачен,
52438,1882,2025-08-28 04:19:32,оплачен,
52439,1197,2025-12-18 17:14:22,оплачен,
52440,1885,2025-10-26 02:36:55,оплачен,
52441,1733,2025-07-14 21:52:28,оплачен,WELCOME10
52442,1423,2025-12-30 08:48:58,оплачен,
52443,1572,2025-03-08 11:19:51,оплачен,SALE5
52444,1610,2025-12-15 07:26:46,отменен,SALE5
52445,1171,2026-02-08 02:05:59,оплачен,
52446,1382,2025-02-17 11:18:17,отменен,SUMMER20
52447,1173,2026-02-06 00:24:26,оплачен,
52448,1663,2026-03-26 11:41:28,оплачен,
52449,1453,2025-09-27 10:35:18,оплачен,
52450,1350,2025-01-25 08:19:09,оплачен,
52451,1902,2025-02-22 08:01:49,оплачен,
52452,1952,2025-10-13 00:23:52,оплачен,WELCOME10
52453,1634,2025-11-08 09:33:59,отменен,
52454,1494,2025-03-30 01:54:55,отменен,
52455,1620,2025-07-17 13:10:54,оплачен,SUMMER20
52456,1004,2026-02-15 03:12:06,оплачен,
52457,1093,2025-11-27 00:44:00,оплачен,
52458,1919,2025-09-22 05:19:34,оплачен,SALE5
52459,1006,2026-03-26 08:25:57,оплачен,
52460,1288,2025-12-27 09:18:04,отменен,
52461,1618,2025-06-28 08:26:27,оплачен,WELCOME10
52462,1146,2025-05-28 19:48:41,оплачен,
52463,1783,2025-08-11 00:53:27,оплачен,
52464,1424,2025-09-07 14:54:16,оплачен,
52465,1890,2025-05-27 19:24:12,оплачен,
52466,1608,2025-06-27 04:05:22,оплачен,SUMMER20
52467,1457,2025-09-11 22:10:30,отменен,
52468,1741,2026-03-28 10:12:11,оплачен,
52469,1202,2025-06-07 02:54:35,оплачен,
52470,1212,2026-03-22 21:37:06,оплачен,
52471,1006,2025-12-30 10:23:02,отменен,SUMMER20
52472,1624,2025-09-27 05:57:01,отменен,WELCOME10
52473,1376,2025-12-07 13:40:17,оплачен,WELCOME10
52474,1891,2025-07-12 11:30:12,оплачен,
52475,1447,2026-02-05 11:11:17,отменен,SUMMER20
52476,1835,2025-12-14 16:20:47,оплачен,WELCOME10
52477,1106,2025-05-17 20:55:39,оплачен,
52478,1651,2025-04-25 23:33:07,оплачен,
52479,1811,2025-11-11 20:32:22,оплачен,
52480,1401,2025-06-01 21:52:48,оплачен,SUMMER20
52481,1096,2025-10-17 15:48:37,оплачен,
52482,1388,2026-02-18 06:25:25,оплачен,WELCOME10
52483,1959,2026-03-01 14:51:20,оплачен,
52484,1452,2025-10-20 12:23:29,оплачен,
52485,1849,2026-02-07 18:46:43,оплачен,
52486,1809,2026-01-19 17:13:05,оплачен,WELCOME10
52487,1979,2026-02-14 19:22:29,оплачен,
52488,1901,2025-09-09 05:57:29,оплачен,
52489,1416,2025-08-01 03:48:33,отменен,
52490,1726,2025-06-19 23:13:25,отменен,
52491,1504,2025-04-07 13:30:01,отменен,
52492,1454,2025-12-21 03:00:54,оплачен,
52493,1291,2025-09-11 13:39:24,оплачен,
52494,1534,2025-11-13 02:04:37,отменен,
52495,1193,2025-08-09 07:37:37,оплачен,SALE5
52496,1980,2025-09-25 23:18:38,оплачен,
52497,1150,2025-11-24 07:32:32,оплачен,WELCOME10
52498,1880,2025-11-06 05:09:56,оплачен,
52499,1759,2025-11-29 13:35:37,оплачен,WELCOME10
52500,1779,2025-07-01 20:27:32,оплачен,
