row_id,order_id,product_id,quantity,sale_price
100001,51328,208,1,1150.0
100002,51886,290,2,550.0
100003,50117,223,1,920.0
100004,51505,210,1,1490.0
100005,52451,218,2,940.0
100006,52034,276,1,830.0
100007,51700,239,1,790.0
100008,51924,226,3,410.0
100009,51611,211,1,1390.0
100010,52281,210,1,1490.0
100011,51308,203,1,750.0
100012,50976,262,1,1040.0
100013,52057,271,2,1000.0
100014,50715,261,1,1190.0
100015,51926,204,1,1080.0
100016,52427,261,1,1190.0
100017,52429,208,1,1150.0
100018,50844,213,1,330.0
100019,50360,212,1,420.0
100020,52224,235,1,1380.0
100021,50485,254,1,560.0
100022,51429,251,1,520.0
100023,52081,243,3,1030.0
100024,51489,266,1,380.0
100025,50696,215,1,270.0
100026,52205,249,1,1040.0
100027,50565,234,2,890.0
100028,51832,239,1,790.0
100029,50202,226,4,410.0
100030,51199,269,1,1490.0
100031,51268,248,2,150.0
100032,51470,289,1,1380.0
100033,50074,251,2,520.0
100034,50096,298,2,920.0
100035,51897,204,1,1080.0
100036,50173,298,1,920.0
100037,51923,227,1,1110.0
100038,52203,242,1,120.0
100039,52337,256,2,1110.0
100040,50258,293,1,1130.0
100041,52222,269,1,1490.0
100042,50330,218,1,940.0
100043,51255,261,1,1190.0
100044,50161,204,4,1080.0
100045,50186,201,3,810.0
100046,50143,250,1,700.0
100047,50640,284,2,1430.0
100048,52075,270,3,1420.0
100049,50202,220,1,660.0
100050,51615,220,2,660.0
100051,50472,246,1,1000.0
100052,52307,227,1,1110.0
100053,52103,226,1,410.0
100054,50911,232,2,740.0
100055,51572,210,1,1490.0
100056,51030,282,1,1210.0
100057,51074,212,1,420.0
100058,52160,274,1,800.0
100059,52194,288,2,300.0
100060,50230,224,1,990.0
100061,51747,251,1,520.0
100062,51330,238,1,1370.0
100063,50461,246,1,1000.0
100064,50807,289,1,1380.0
100065,51932,208,1,1150.0
100066,52274,255,1,400.0
100067,50059,278,1,890.0
100068,51100,231,1,1200.0
100069,52476,288,1,300.0
100070,50728,216,2,1420.0
100071,51156,220,1,660.0
100072,50498,238,2,1370.0
100073,50910,215,1,270.0
100074,51329,278,1,890.0
100075,52115,276,1,830.0
100076,50230,234,1,890.0
100077,50333,272,1,650.0
100078,52325,219,2,1200.0
100079,51897,269,1,1490.0
100080,51608,291,1,710.0
100081,50721,263,1,330.0
100082,52192,277,2,380.0
100083,51275,232,5,740.0
100084,50691,295,1,1100.0
100085,50057,237,1,1360.0
100086,52356,266,1,380.0
100087,52222,207,3,890.0
100088,51486,248,5,150.0
100089,50750,211,2,1390.0
100090,50678,275,1,450.0
100091,50560,287,1,180.0
100092,51663,231,2,1200.0
100093,51705,244,2,560.0
100094,51979,245,2,840.0
100095,50349,272,1,650.0
100096,51091,256,1,1110.0
100097,52378,232,1,740.0
100098,52242,221,2,140.0
100099,51179,231,1,1200.0
100100,51720,201,1,810.0
100101,52314,277,1,380.0
100102,52216,211,1,1390.0
100103,52193,293,1,1130.0
100104,52234,268,1,1390.0
100105,50886,236,1,120.0
100106,50865,279,3,1110.0
100107,50786,259,4,1000.0
100108,50457,267,1,1160.0
100109,50345,256,2,1110.0
100110,50554,251,1,520.0
100111,51021,229,3,780.0
100112,50788,285,2,170.0
100113,51820,202,1,1310.0
100114,50705,206,1,140.0
100115,51128,231,1,1200.0
100116,52295,254,2,560.0
100117,50812,288,1,300.0
100118,50953,240,1,610.0
100119,50815,217,1,170.0
100120,51549,205,4,350.0
100121,50144,202,4,1310.0
100122,50863,258,1,990.0
100123,51217,212,2,420.0
100124,51808,205,2,350.0
100125,50375,260,3,550.0
100126,50677,241,1,1310.0
100127,51290,220,1,660.0
100128,50556,272,1,650.0
100129,50863,201,1,810.0
100130,52122,256,1,1110.0
100131,52486,270,1,1420.0
100132,50881,256,1,1110.0
100133,52274,254,1,560.0
100134,51843,211,1,1390.0
100135,52356,203,1,750.0
100136,50966,295,3,1100.0
100137,52396,228,4,1390.0
100138,50476,205,1,350.0
100139,51339,290,3,550.0
100140,50525,216,1,1420.0
100141,51449,231,2,1200.0
100142,50562,228,1,1390.0
100143,50569,207,1,890.0
100144,51206,209,1,200.0
100145,50106,239,1,790.0
100146,52239,299,1,140.0
100147,51161,243,1,1030.0
100148,50700,227,1,1110.0
100149,51144,276,3,830.0
100150,50072,289,1,1380.0
100151,50755,293,1,1130.0
100152,50905,295,1,1100.0
100153,50052,298,2,920.0
100154,51004,233,1,260.0
100155,51288,291,1,710.0
100156,51263,256,1,1110.0
100157,52303,202,1,1310.0
100158,50685,214,1,550.0
100159,51773,213,1,330.0
100160,51631,224,1,990.0
100161,52105,269,1,1490.0
100162,50950,234,1,890.0
100163,51674,287,1,180.0
100164,52417,219,1,1200.0
100165,52280,230,4,810.0
100166,51426,249,1,1040.0
100167,51585,243,2,1030.0
100168,51047,216,1,1420.0
100169,51291,252,1,650.0
100170,52166,298,2,920.0
100171,51624,249,1,1040.0
100172,51177,211,1,1390.0
100173,52316,278,1,890.0
100174,52161,247,1,950.0
100175,52214,279,2,1110.0
100176,51032,235,1,1380.0
100177,50431,271,1,1000.0
100178,51316,229,2,780.0
100179,50893,254,4,560.0
100180,51074,286,2,1270.0
100181,50107,223,1,920.0
100182,50745,224,2,990.0
100183,51480,299,2,140.0
100184,52371,210,2,1490.0
100185,52357,261,2,1190.0
100186,50622,208,3,1150.0
100187,50995,248,1,150.0
100188,50145,276,1,830.0
100189,50821,293,2,1130.0
100190,50412,229,1,780.0
100191,50114,287,1,180.0
100192,52447,226,1,410.0
100193,50124,237,2,1360.0
100194,50086,296,1,970.0
100195,50047,252,1,650.0
100196,51900,238,1,1370.0
100197,51573,206,1,140.0
100198,51739,208,1,1150.0
100199,52006,217,1,170.0
100200,50804,276,2,830.0
100201,52437,262,3,1040.0
100202,51990,286,2,1270.0
100203,51070,278,1,890.0
100204,51192,234,1,890.0
100205,50046,219,1,1200.0
100206,50540,270,1,1420.0
100207,50087,282,1,1210.0
100208,51409,237,2,1360.0
100209,50265,238,1,1370.0
100210,50703,215,1,270.0
100211,51474,240,3,610.0
100212,52280,209,1,200.0
100213,50186,253,4,1230.0
100214,50326,270,5,1420.0
100215,51207,266,1,380.0
100216,50397,280,1,420.0
100217,51505,252,2,650.0
100218,51427,201,1,810.0
100219,51441,230,1,810.0
100220,51089,297,2,1370.0
100221,50956,201,1,810.0
100222,50555,239,1,790.0
100223,51041,216,1,1420.0
100224,52439,217,2,170.0
100225,50044,282,1,1210.0
100226,50901,222,1,220.0
100227,51724,286,1,1270.0
100228,50482,299,1,140.0
100229,52037,231,2,1200.0
100230,51287,240,2,610.0
100231,51198,227,1,1110.0
100232,51465,236,1,120.0
100233,50566,204,1,1080.0
100234,52268,269,1,1490.0
100235,50772,225,1,780.0
100236,51219,295,1,1100.0
100237,52457,278,1,890.0
100238,50471,230,1,810.0
100239,51371,247,2,950.0
100240,52214,212,2,420.0
100241,50672,227,1,1110.0
100242,51175,245,1,840.0
100243,50111,288,3,300.0
100244,51027,263,4,330.0
100245,50344,255,1,400.0
100246,51473,230,2,810.0
100247,52380,282,2,1210.0
100248,52312,214,1,550.0
100249,52131,256,1,1110.0
100250,50777,219,1,1200.0
100251,52382,286,1,1270.0
100252,51404,226,1,410.0
100253,50658,271,3,1000.0
100254,51834,292,2,110.0
100255,51833,238,1,1370.0
100256,50454,269,1,1490.0
100257,50741,236,1,120.0
100258,51770,218,1,940.0
100259,52381,257,1,730.0
100260,52358,278,3,890.0
100261,51444,223,1,920.0
100262,51749,214,1,550.0
100263,52402,296,1,970.0
100264,50824,269,1,1490.0
100265,50145,222,1,220.0
100266,52007,228,1,1390.0
100267,51068,243,1,1030.0
100268,51787,276,1,830.0
100269,51410,218,1,940.0
100270,51763,295,1,1100.0
100271,50910,277,1,380.0
100272,50761,284,3,1430.0
100273,51517,236,1,120.0
100274,50531,207,1,890.0
100275,51360,223,1,920.0
100276,52028,234,1,890.0
100277,52178,296,2,970.0
100278,51008,221,1,140.0
100279,51538,270,2,1420.0
100280,51274,280,1,420.0
100281,50947,299,1,140.0
100282,51162,247,2,950.0
100283,51299,253,1,1230.0
100284,51002,284,1,1430.0
100285,52189,241,2,1310.0
100286,51968,275,4,450.0
100287,50882,232,1,740.0
100288,51848,214,1,550.0
100289,51976,288,1,300.0
100290,52482,295,1,1100.0
100291,51631,217,1,170.0
100292,50173,225,2,780.0
100293,50473,264,1,980.0
100294,51447,273,2,870.0
100295,52487,286,1,1270.0
100296,50498,248,1,150.0
100297,52217,235,3,1380.0
100298,50989,237,1,1360.0
100299,51606,255,1,400.0
100300,52476,217,1,170.0
100301,50419,228,2,1390.0
100302,51371,201,1,810.0
100303,50714,253,1,1230.0
100304,52250,273,1,870.0
100305,50179,255,1,400.0
100306,52105,261,2,1190.0
100307,51930,213,1,330.0
100308,50946,247,1,950.0
100309,52019,264,1,980.0
100310,50739,232,2,740.0
100311,51957,228,2,1390.0
100312,50112,253,2,1230.0
100313,50715,231,1,1200.0
100314,51402,208,1,1150.0
100315,51939,272,1,650.0
100316,51382,298,3,920.0
100317,50813,287,3,180.0
100318,51209,274,4,800.0
100319,50037,225,1,780.0
100320,51829,233,1,260.0
100321,51252,268,1,1390.0
100322,50810,207,2,890.0
100323,50023,297,1,1370.0
100324,51527,266,2,380.0
100325,50796,246,1,1000.0
100326,50496,296,1,970.0
100327,50900,205,1,350.0
100328,50425,217,1,170.0
100329,52066,276,1,830.0
100330,51983,252,1,650.0
100331,51469,212,1,420.0
100332,51234,262,1,1040.0
100333,51798,235,3,1380.0
100334,52259,262,2,1040.0
100335,50565,221,1,140.0
100336,51305,285,1,170.0
100337,51857,266,1,380.0
100338,50133,253,4,1230.0
100339,50449,221,1,140.0
100340,52312,215,1,270.0
100341,51831,275,2,450.0
100342,52159,274,1,800.0
100343,50850,282,3,1210.0
100344,51262,223,1,920.0
100345,51481,231,1,1200.0
100346,50901,254,1,560.0
100347,50759,255,3,400.0
100348,51540,226,3,410.0
100349,51900,253,1,1230.0
100350,50862,266,1,380.0
100351,51848,239,1,790.0
100352,52241,207,4,890.0
100353,50515,288,1,300.0
100354,50968,239,2,790.0
100355,51592,232,1,740.0
100356,50084,226,1,410.0
100357,50798,287,1,180.0
100358,52128,278,2,890.0
100359,51602,229,3,780.0
100360,50522,225,1,780.0
100361,51223,256,1,1110.0
100362,51595,231,1,1200.0
100363,50234,266,1,380.0
100364,51843,202,4,1310.0
100365,52292,287,1,180.0
100366,51417,247,2,950.0
100367,51590,275,2,450.0
100368,51470,229,2,780.0
100369,50393,299,4,140.0
100370,50009,249,1,1040.0
100371,50613,273,3,870.0
100372,51944,232,1,740.0
100373,50715,230,1,810.0
100374,51928,215,2,270.0
100375,50110,262,1,1040.0
100376,50834,278,2,890.0
100377,50266,217,2,170.0
100378,51397,222,2,220.0
100379,52032,230,1,810.0
100380,50976,281,1,1020.0
100381,51619,216,1,1420.0
100382,50955,252,2,650.0
100383,51670,208,1,1150.0
100384,51350,264,1,980.0
100385,51575,239,1,790.0
100386,52224,231,1,1200.0
100387,51059,212,1,420.0
100388,51958,233,1,260.0
100389,50849,258,1,990.0
100390,50963,212,2,420.0
100391,51826,225,1,780.0
100392,52322,238,1,1370.0
100393,52102,248,1,150.0
100394,50888,282,2,1210.0
100395,50745,283,1,1320.0
100396,52325,255,1,400.0
100397,51442,203,1,750.0
100398,51249,299,1,140.0
100399,50176,269,1,1490.0
100400,50566,235,1,1380.0
100401,51688,251,2,520.0
100402,51409,227,1,1110.0
100403,50262,237,1,1360.0
100404,50531,285,1,170.0
100405,51878,216,1,1420.0
100406,51395,292,4,110.0
100407,51707,225,1,780.0
100408,51221,233,2,260.0
100409,50948,262,2,1040.0
100410,50585,217,1,170.0
100411,51621,243,3,1030.0
100412,52350,230,1,810.0
100413,51156,241,1,1310.0
100414,51752,204,1,1080.0
100415,52082,266,1,380.0
100416,50532,260,1,550.0
100417,51232,209,1,200.0
100418,51994,231,1,1200.0
100419,51698,289,1,1380.0
100420,51546,269,1,1490.0
100421,51438,224,1,990.0
100422,50371,224,1,990.0
100423,50409,293,1,1130.0
100424,51407,245,1,840.0
100425,51902,295,1,1100.0
100426,51471,237,1,1360.0
100427,50617,258,1,990.0
100428,50071,283,1,1320.0
100429,50084,223,4,920.0
100430,52257,235,1,1380.0
100431,50259,263,1,330.0
100432,51326,206,1,140.0
100433,50932,206,1,140.0
100434,52330,230,1,810.0
100435,50394,201,1,810.0
100436,52466,263,1,330.0
100437,51335,208,1,1150.0
100438,51930,228,2,1390.0
100439,51721,289,1,1380.0
100440,50626,233,1,260.0
100441,51893,253,2,1230.0
100442,51837,238,1,1370.0
100443,50562,252,2,650.0
100444,51794,278,1,890.0
100445,50941,211,1,1390.0
100446,52110,202,1,1310.0
100447,51166,253,4,1230.0
100448,51866,294,1,840.0
100449,51892,294,3,840.0
100450,51640,268,1,1390.0
100451,51551,277,1,380.0
100452,50782,207,3,890.0
100453,51695,267,1,1160.0
100454,50597,209,4,200.0
100455,52057,278,1,890.0
100456,52324,263,3,330.0
100457,52275,211,1,1390.0
100458,52234,237,1,1360.0
100459,52481,214,3,550.0
100460,50356,219,1,1200.0
100461,52041,208,1,1150.0
100462,50392,207,1,890.0
100463,50579,259,1,1000.0
100464,51641,263,4,330.0
100465,52468,207,1,890.0
100466,52009,255,1,400.0
100467,51724,203,1,750.0
100468,50164,267,2,1160.0
100469,50638,218,1,940.0
100470,52065,245,1,840.0
100471,52494,297,1,1370.0
100472,50170,292,1,110.0
100473,50340,236,3,120.0
100474,50726,216,1,1420.0
100475,51934,279,1,1110.0
100476,51035,229,1,780.0
100477,51646,259,2,1000.0
100478,50133,218,1,940.0
100479,50823,249,1,1040.0
100480,50954,246,1,1000.0
100481,52127,283,2,1320.0
100482,50346,229,1,780.0
100483,50609,270,1,1420.0
100484,50639,250,1,700.0
100485,51048,255,1,400.0
100486,51495,227,4,1110.0
100487,51225,207,1,890.0
100488,52179,291,3,710.0
100489,52404,283,1,1320.0
100490,50150,281,1,1020.0
100491,51550,241,1,1310.0
100492,51328,211,4,1390.0
100493,51565,205,1,350.0
100494,50050,266,3,380.0
100495,51506,256,1,1110.0
100496,50335,212,1,420.0
100497,51376,242,2,120.0
100498,50668,275,3,450.0
100499,51673,210,1,1490.0
100500,52375,228,1,1390.0
100501,51016,207,1,890.0
100502,50336,214,1,550.0
100503,50666,277,1,380.0
100504,50081,269,1,1490.0
100505,52135,261,1,1190.0
100506,51800,251,1,520.0
100507,50258,242,4,120.0
100508,50991,208,1,1150.0
100509,50185,250,1,700.0
100510,51716,201,5,810.0
100511,50123,269,1,1490.0
100512,50605,211,1,1390.0
100513,50904,248,1,150.0
100514,51538,210,1,1490.0
100515,51982,215,2,270.0
100516,51395,247,1,950.0
100517,52353,293,1,1130.0
100518,51309,225,1,780.0
100519,51866,206,3,140.0
100520,51942,211,1,1390.0
100521,52310,217,1,170.0
100522,51598,215,1,270.0
100523,50491,216,1,1420.0
100524,51055,256,1,1110.0
100525,50702,266,1,380.0
100526,51292,236,1,120.0
100527,52060,283,1,1320.0
100528,51215,238,1,1370.0
100529,51424,285,1,170.0
100530,51561,275,2,450.0
100531,51942,203,1,750.0
100532,52139,298,1,920.0
100533,50600,218,1,940.0
100534,51810,279,1,1110.0
100535,52349,289,1,1380.0
100536,51135,254,2,560.0
100537,50080,279,1,1110.0
100538,50836,294,4,840.0
100539,50652,217,4,170.0
100540,52481,282,1,1210.0
100541,50417,295,2,1100.0
100542,51471,282,1,1210.0
100543,52066,299,1,140.0
100544,51078,213,1,330.0
100545,51904,263,1,330.0
100546,50746,214,3,550.0
100547,52003,259,2,1000.0
100548,50240,236,2,120.0
100549,51945,218,1,940.0
100550,52466,205,1,350.0
100551,50856,214,1,550.0
100552,51797,225,1,780.0
100553,51772,244,1,560.0
100554,50420,239,1,790.0
100555,52264,212,1,420.0
100556,50709,261,1,1190.0
100557,51668,262,1,1040.0
100558,51354,253,1,1230.0
100559,52036,253,3,1230.0
100560,50680,228,1,1390.0
100561,50487,235,1,1380.0
100562,50623,265,2,460.0
100563,51439,203,5,750.0
100564,50219,243,2,1030.0
100565,52429,250,1,700.0
100566,52135,271,1,1000.0
100567,51485,209,4,200.0
100568,52459,236,2,120.0
100569,50691,223,1,920.0
100570,52030,288,1,300.0
100571,51013,274,1,800.0
100572,50447,250,1,700.0
100573,52348,255,1,400.0
100574,52456,212,1,420.0
100575,50375,283,5,1320.0
100576,52281,232,1,740.0
100577,51923,224,2,990.0
100578,50638,286,1,1270.0
100579,51771,267,1,1160.0
100580,52234,227,1,1110.0
100581,52126,261,2,1190.0
100582,51505,219,1,1200.0
100583,50194,273,1,870.0
100584,51400,251,2,520.0
100585,52335,264,1,980.0
100586,51506,277,3,380.0
100587,51747,202,3,1310.0
100588,50250,236,3,120.0
100589,51225,293,1,1130.0
100590,50536,211,1,1390.0
100591,52348,298,5,920.0
100592,51107,268,1,1390.0
100593,50458,268,1,1390.0
100594,51388,264,2,980.0
100595,50040,201,1,810.0
100596,51540,289,2,1380.0
100597,52156,226,2,410.0
100598,50261,211,2,1390.0
100599,51642,287,1,180.0
100600,51248,202,1,1310.0
100601,50126,283,1,1320.0
100602,51230,293,1,1130.0
100603,51307,240,1,610.0
100604,52102,204,1,1080.0
100605,52394,280,1,420.0
100606,50136,237,1,1360.0
100607,52378,261,2,1190.0
100608,51460,291,1,710.0
100609,50136,205,1,350.0
100610,50813,215,1,270.0
100611,50852,287,2,180.0
100612,51745,267,1,1160.0
100613,51939,282,1,1210.0
100614,50871,226,1,410.0
100615,51473,206,1,140.0
100616,50635,244,3,560.0
100617,51652,258,3,990.0
100618,50669,281,1,1020.0
100619,51294,246,2,1000.0
100620,50269,242,3,120.0
100621,50861,248,4,150.0
100622,50482,227,1,1110.0
100623,51262,220,1,660.0
100624,52333,270,1,1420.0
100625,50103,235,1,1380.0
100626,51454,276,1,830.0
100627,50792,248,2,150.0
100628,51678,267,2,1160.0
100629,50239,268,3,1390.0
100630,51589,252,1,650.0
100631,50882,268,1,1390.0
100632,52236,204,1,1080.0
100633,50888,239,1,790.0
100634,51280,221,3,140.0
100635,50924,266,1,380.0
100636,50794,216,2,1420.0
100637,50676,207,1,890.0
100638,52440,283,1,1320.0
100639,51682,297,1,1370.0
100640,51492,209,1,200.0
100641,51850,217,1,170.0
100642,51277,291,1,710.0
100643,50672,297,1,1370.0
100644,50839,212,4,420.0
100645,51313,257,2,730.0
100646,51074,245,4,840.0
100647,50004,211,2,1390.0
100648,51655,213,3,330.0
100649,51909,231,1,1200.0
100650,51894,277,1,380.0
100651,51923,226,1,410.0
100652,51286,263,2,330.0
100653,50535,231,1,1200.0
100654,51085,222,1,220.0
100655,51380,206,4,140.0
100656,50646,220,1,660.0
100657,50024,285,4,170.0
100658,51317,210,2,1490.0
100659,50557,283,1,1320.0
100660,50356,235,1,1380.0
100661,52008,226,2,410.0
100662,50870,271,1,1000.0
100663,50575,237,2,1360.0
100664,50029,208,2,1150.0
100665,52405,205,1,350.0
100666,50365,244,1,560.0
100667,50409,292,1,110.0
100668,51315,267,1,1160.0
100669,51177,272,1,650.0
100670,50219,279,2,1110.0
100671,52221,291,1,710.0
100672,50608,249,3,1040.0
100673,51036,236,1,120.0
100674,51540,280,1,420.0
100675,50858,226,1,410.0
100676,51603,245,3,840.0
100677,50969,261,1,1190.0
100678,51501,244,1,560.0
100679,51106,204,3,1080.0
100680,51641,276,1,830.0
100681,51717,281,1,1020.0
100682,52489,258,1,990.0
100683,50617,226,2,410.0
100684,50226,295,1,1100.0
100685,52419,279,1,1110.0
100686,50028,298,1,920.0
100687,50995,229,3,780.0
100688,50016,209,1,200.0
100689,50333,278,1,890.0
100690,50483,236,1,120.0
100691,50566,204,1,1080.0
100692,52162,259,2,1000.0
100693,52086,237,1,1360.0
100694,50454,288,2,300.0
100695,50166,281,2,1020.0
100696,52253,213,3,330.0
100697,50878,220,1,660.0
100698,50245,217,5,170.0
100699,51895,251,1,520.0
100700,51357,291,2,710.0
100701,50943,255,1,400.0
100702,51953,233,2,260.0
100703,51283,221,1,140.0
100704,51746,281,2,1020.0
100705,50410,222,4,220.0
100706,52358,225,2,780.0
100707,52116,267,2,1160.0
100708,52162,291,1,710.0
100709,52268,291,1,710.0
100710,52268,212,4,420.0
100711,51497,215,1,270.0
100712,50386,284,1,1430.0
100713,50930,286,1,1270.0
100714,50405,202,1,1310.0
100715,50492,204,1,1080.0
100716,50357,245,1,840.0
100717,50215,213,1,330.0
100718,51404,255,1,400.0
100719,50752,232,1,740.0
100720,50827,222,1,220.0
100721,51238,289,1,1380.0
100722,51122,291,1,710.0
100723,50666,255,3,400.0
100724,52029,217,1,170.0
100725,50554,270,3,1420.0
100726,51573,251,3,520.0
100727,50328,280,1,420.0
100728,51189,208,1,1150.0
100729,50150,261,1,1190.0
100730,51056,297,1,1370.0
100731,50657,210,1,1490.0
100732,51937,298,1,920.0
100733,50293,219,1,1200.0
100734,50957,214,1,550.0
100735,51085,267,4,1160.0
100736,51613,255,1,400.0
100737,50416,261,3,1190.0
100738,52055,256,1,1110.0
100739,50918,263,1,330.0
100740,50085,287,1,180.0
100741,50957,211,5,1390.0
100742,51422,247,1,950.0
100743,51936,206,1,140.0
100744,51795,234,3,890.0
100745,51417,265,1,460.0
100746,51071,299,1,140.0
100747,51522,289,4,1380.0
100748,51502,264,3,980.0
100749,52474,293,1,1130.0
100750,52474,287,1,180.0
100751,50736,282,4,1210.0
100752,51153,278,5,890.0
100753,51273,281,1,1020.0
100754,50741,266,2,380.0
100755,51863,231,1,1200.0
100756,50131,283,1,1320.0
100757,51764,296,1,970.0
100758,51713,262,1,1040.0
100759,50323,254,1,560.0
100760,50823,292,1,110.0
100761,50543,208,1,1150.0
100762,52114,242,1,120.0
100763,51856,241,1,1310.0
100764,52079,259,5,1000.0
100765,50885,240,3,610.0
100766,50191,222,1,220.0
100767,50415,224,3,990.0
100768,51839,238,1,1370.0
100769,51814,202,1,1310.0
100770,51761,241,4,1310.0
100771,51070,219,1,1200.0
100772,51722,202,1,1310.0
100773,50375,292,1,110.0
100774,50558,296,1,970.0
100775,51281,262,1,1040.0
100776,51945,283,4,1320.0
100777,51597,216,1,1420.0
100778,51129,294,4,840.0
100779,51361,222,3,220.0
100780,51325,214,1,550.0
100781,51101,256,1,1110.0
100782,51535,265,1,460.0
100783,51254,245,1,840.0
100784,51703,254,1,560.0
100785,50032,266,5,380.0
100786,51632,286,2,1270.0
100787,50058,246,1,1000.0
100788,51128,233,1,260.0
100789,50312,279,1,1110.0
100790,51753,250,1,700.0
100791,52002,222,4,220.0
100792,51398,240,3,610.0
100793,51783,239,1,790.0
100794,52283,241,1,1310.0
100795,51413,275,1,450.0
100796,51432,268,1,1390.0
100797,50802,207,1,890.0
100798,50239,285,1,170.0
100799,51776,271,1,1000.0
100800,51319,204,1,1080.0
100801,50112,276,1,830.0
100802,52352,291,1,710.0
100803,51329,259,1,1000.0
100804,50290,281,1,1020.0
100805,52256,284,1,1430.0
100806,51810,295,1,1100.0
100807,50582,226,3,410.0
100808,50370,231,1,1200.0
100809,50220,299,1,140.0
100810,51897,273,4,870.0
100811,50349,269,1,1490.0
100812,52303,252,2,650.0
100813,50452,272,1,650.0
100814,52190,221,1,140.0
100815,50089,216,1,1420.0
100816,50871,251,1,520.0
100817,51160,216,1,1420.0
100818,52043,218,1,940.0
100819,51875,247,3,950.0
100820,50523,256,1,1110.0
100821,50910,228,1,1390.0
100822,50442,282,1,1210.0
100823,50038,278,2,890.0
100824,51881,256,2,1110.0
100825,50210,237,2,1360.0
100826,51601,216,1,1420.0
100827,50981,285,1,170.0
100828,50381,265,1,460.0
100829,51561,260,1,550.0
100830,50394,261,2,1190.0
100831,51074,211,4,1390.0
100832,50396,275,1,450.0
100833,51777,266,1,380.0
100834,52080,232,1,740.0
100835,50545,219,1,1200.0
100836,51085,256,1,1110.0
100837,50553,205,1,350.0
100838,51465,203,4,750.0
100839,51154,228,1,1390.0
100840,51378,290,5,550.0
100841,52246,287,1,180.0
100842,51687,294,1,840.0
100843,51740,272,1,650.0
100844,50694,229,1,780.0
100845,52195,277,1,380.0
100846,51740,259,1,1000.0
100847,50498,225,1,780.0
100848,52096,222,5,220.0
100849,51196,297,1,1370.0
100850,50613,271,2,1000.0
100851,51339,223,1,920.0
100852,50376,270,1,1420.0
100853,50806,279,1,1110.0
100854,50921,279,3,1110.0
100855,50875,240,1,610.0
100856,51444,298,1,920.0
100857,51420,214,1,550.0
100858,51546,229,1,780.0
100859,51211,216,2,1420.0
100860,51006,293,1,1130.0
100861,52081,287,1,180.0
100862,52117,210,2,1490.0
100863,50592,247,1,950.0
100864,51215,204,1,1080.0
100865,52149,212,1,420.0
100866,51509,242,2,120.0
100867,51309,298,4,920.0
100868,50914,204,1,1080.0
100869,50390,284,3,1430.0
100870,50160,292,1,110.0
100871,50892,292,1,110.0
100872,51071,206,1,140.0
100873,51470,214,1,550.0
100874,50696,235,1,1380.0
100875,50758,247,2,950.0
100876,52203,258,1,990.0
100877,50339,265,5,460.0
100878,51977,219,1,1200.0
100879,50795,257,1,730.0
100880,51723,265,1,460.0
100881,51598,213,1,330.0
100882,50899,208,3,1150.0
100883,51168,218,1,940.0
100884,50103,235,4,1380.0
100885,50093,287,5,180.0
100886,50975,226,1,410.0
100887,51448,238,1,1370.0
100888,50119,284,1,1430.0
100889,52033,266,1,380.0
100890,52077,226,1,410.0
100891,51535,257,1,730.0
100892,51390,225,1,780.0
100893,50475,230,2,810.0
100894,50435,282,1,1210.0
100895,51258,207,1,890.0
100896,50055,227,1,1110.0
100897,50931,211,4,1390.0
100898,51316,208,1,1150.0
100899,50312,211,1,1390.0
100900,51572,288,2,300.0
100901,50957,230,2,810.0
100902,52366,294,3,840.0
100903,51901,215,1,270.0
100904,50757,256,3,1110.0
100905,51433,235,1,1380.0
100906,51264,239,4,790.0
100907,51856,224,1,990.0
100908,51094,208,3,1150.0
100909,50744,243,4,1030.0
100910,52324,242,1,120.0
100911,50233,284,4,1430.0
100912,52102,241,1,1310.0
100913,50257,247,1,950.0
100914,52029,226,1,410.0
100915,52138,252,5,650.0
100916,51762,288,1,300.0
100917,51930,222,1,220.0
100918,51459,205,1,350.0
100919,51649,215,4,270.0
100920,50408,236,2,120.0
100921,51693,263,1,330.0
100922,51978,293,1,1130.0
100923,52414,279,1,1110.0
100924,52399,291,1,710.0
100925,51323,249,1,1040.0
100926,51930,255,1,400.0
100927,51183,272,3,650.0
100928,50842,260,1,550.0
100929,50984,257,1,730.0
100930,51761,229,1,780.0
100931,51379,219,1,1200.0
100932,50621,295,1,1100.0
100933,50930,273,1,870.0
100934,52449,210,3,1490.0
100935,51731,210,1,1490.0
100936,50975,297,1,1370.0
100937,50392,289,2,1380.0
100938,50352,257,2,730.0
100939,51690,254,2,560.0
100940,50576,256,4,1110.0
100941,51694,268,2,1390.0
100942,51312,269,1,1490.0
100943,50523,287,2,180.0
100944,50726,255,1,400.0
100945,50162,269,1,1490.0
100946,51938,272,1,650.0
100947,50659,281,1,1020.0
100948,51573,201,1,810.0
100949,52130,212,1,420.0
100950,50524,235,1,1380.0
100951,50004,278,3,890.0
100952,51579,282,4,1210.0
100953,51075,274,1,800.0
100954,51285,279,2,1110.0
100955,51623,233,1,260.0
100956,50878,283,3,1320.0
100957,51092,298,1,920.0
100958,51167,225,1,780.0
100959,51578,216,1,1420.0
100960,51675,208,1,1150.0
100961,51609,235,1,1380.0
100962,51218,285,1,170.0
100963,51691,283,1,1320.0
100964,50314,246,1,1000.0
100965,50730,211,1,1390.0
100966,50384,261,5,1190.0
100967,51789,244,1,560.0
100968,51813,211,1,1390.0
100969,52325,211,1,1390.0
100970,51096,222,3,220.0
100971,51153,285,1,170.0
100972,51549,291,3,710.0
100973,51865,282,1,1210.0
100974,50751,262,1,1040.0
100975,50983,248,1,150.0
100976,50228,294,1,840.0
100977,52044,263,1,330.0
100978,51978,251,1,520.0
100979,52065,245,1,840.0
100980,51609,233,2,260.0
100981,50012,285,1,170.0
100982,51523,260,1,550.0
100983,50692,202,1,1310.0
100984,51740,213,1,330.0
100985,51526,266,1,380.0
100986,50070,257,2,730.0
100987,52156,243,2,1030.0
100988,52249,245,1,840.0
100989,51573,231,4,1200.0
100990,50629,210,1,1490.0
100991,51288,223,1,920.0
100992,50906,286,1,1270.0
100993,52351,229,1,780.0
100994,50576,297,1,1370.0
100995,52173,231,1,1200.0
100996,52021,278,1,890.0
100997,50859,274,2,800.0
100998,50745,218,1,940.0
100999,52180,211,2,1390.0
101000,50115,247,1,950.0
101001,50481,203,1,750.0
101002,50981,202,2,1310.0
101003,51025,254,1,560.0
101004,52379,272,1,650.0
101005,51601,231,1,1200.0
101006,50942,208,1,1150.0
101007,50955,243,1,1030.0
101008,51661,248,1,150.0
101009,50768,202,2,1310.0
101010,52439,222,1,220.0
101011,50834,205,1,350.0
101012,52191,207,1,890.0
101013,52376,220,1,660.0
101014,51782,292,1,110.0
101015,50628,277,1,380.0
101016,50377,202,1,1310.0
101017,50090,232,2,740.0
101018,51021,290,1,550.0
101019,51066,203,4,750.0
101020,51971,241,1,1310.0
101021,51059,242,1,120.0
101022,51518,277,1,380.0
101023,50124,285,2,170.0
101024,52105,245,1,840.0
101025,51480,287,2,180.0
101026,52283,271,3,1000.0
101027,52440,217,2,170.0
101028,51516,292,1,110.0
101029,51855,247,2,950.0
101030,51367,294,2,840.0
101031,50052,269,1,1490.0
101032,51574,224,2,990.0
101033,51502,271,4,1000.0
101034,52053,234,1,890.0
101035,50632,250,1,700.0
101036,51862,242,1,120.0
101037,51233,233,1,260.0
101038,52265,227,1,1110.0
101039,52048,278,1,890.0
101040,50536,259,1,1000.0
101041,50730,219,1,1200.0
101042,51276,276,2,830.0
101043,52051,203,1,750.0
101044,51026,271,3,1000.0
101045,52198,299,1,140.0
101046,52052,225,2,780.0
101047,51521,215,2,270.0
101048,51895,283,1,1320.0
101049,50468,260,1,550.0
101050,52118,283,1,1320.0
101051,50201,223,2,920.0
101052,50308,211,2,1390.0
101053,52046,259,1,1000.0
101054,50922,285,1,170.0
101055,52340,234,1,890.0
101056,50883,207,1,890.0
101057,50586,244,5,560.0
101058,51721,291,1,710.0
101059,50509,264,4,980.0
101060,50005,223,2,920.0
101061,52341,258,4,990.0
101062,50360,220,1,660.0
101063,50214,227,1,1110.0
101064,51460,260,1,550.0
101065,50563,208,2,1150.0
101066,50045,267,1,1160.0
101067,50634,202,1,1310.0
101068,51436,222,2,220.0
101069,51211,270,1,1420.0
101070,51750,236,1,120.0
101071,50594,224,1,990.0
101072,51425,212,1,420.0
101073,52294,281,1,1020.0
101074,51927,222,1,220.0
101075,50857,283,3,1320.0
101076,51893,273,2,870.0
101077,50552,276,1,830.0
101078,50043,296,2,970.0
101079,50179,295,1,1100.0
101080,51481,281,1,1020.0
101081,50607,223,2,920.0
101082,50672,274,1,800.0
101083,50927,263,1,330.0
101084,50017,230,1,810.0
101085,51136,219,1,1200.0
101086,51639,226,1,410.0
101087,51054,290,3,550.0
101088,51216,211,1,1390.0
101089,52485,220,3,660.0
101090,52227,256,1,1110.0
101091,50616,245,1,840.0
101092,50312,268,1,1390.0
101093,52073,247,1,950.0
101094,52419,276,2,830.0
101095,50525,289,1,1380.0
101096,52278,258,1,990.0
101097,51474,210,1,1490.0
101098,52426,222,1,220.0
101099,50888,271,1,1000.0
101100,51925,224,1,990.0
101101,52008,266,1,380.0
101102,50462,296,1,970.0
101103,52413,285,5,170.0
101104,52152,261,1,1190.0
101105,50428,207,4,890.0
101106,50469,272,1,650.0
101107,51015,238,1,1370.0
101108,51605,221,1,140.0
101109,50870,208,1,1150.0
101110,50886,289,1,1380.0
101111,51274,228,1,1390.0
101112,50331,292,1,110.0
101113,51956,254,2,560.0
101114,50587,231,4,1200.0
101115,50201,289,3,1380.0
101116,50454,241,1,1310.0
101117,50826,237,1,1360.0
101118,50111,238,1,1370.0
101119,50908,251,1,520.0
101120,51773,276,1,830.0
101121,51568,237,1,1360.0
101122,51233,231,1,1200.0
101123,52081,262,2,1040.0
101124,50555,218,2,940.0
101125,51904,290,1,550.0
101126,50107,206,1,140.0
101127,52274,209,3,200.0
101128,52227,211,1,1390.0
101129,51394,295,1,1100.0
101130,50167,202,1,1310.0
101131,52348,229,1,780.0
101132,51405,251,1,520.0
101133,52083,269,2,1490.0
101134,52455,223,1,920.0
101135,51526,207,1,890.0
101136,50314,256,1,1110.0
101137,50816,277,2,380.0
101138,50743,262,1,1040.0
101139,50826,274,1,800.0
101140,51125,280,1,420.0
101141,50569,215,1,270.0
101142,51239,253,1,1230.0
101143,51959,243,1,1030.0
101144,52110,283,2,1320.0
101145,50369,285,4,170.0
101146,51392,235,1,1380.0
101147,50094,279,1,1110.0
101148,51459,214,1,550.0
101149,52098,293,2,1130.0
101150,50764,269,1,1490.0
101151,52084,249,2,1040.0
101152,51434,218,1,940.0
101153,52148,251,3,520.0
101154,50329,201,3,810.0
101155,50706,227,2,1110.0
101156,50221,264,1,980.0
101157,51815,260,1,550.0
101158,51862,291,1,710.0
101159,50996,289,1,1380.0
101160,51022,241,1,1310.0
101161,50110,221,1,140.0
101162,50149,214,1,550.0
101163,52454,220,1,660.0
101164,50699,292,1,110.0
101165,51434,285,1,170.0
101166,50108,287,1,180.0
101167,50389,211,1,1390.0
101168,50425,266,3,380.0
101169,52495,284,1,1430.0
101170,51092,224,1,990.0
101171,52000,289,1,1380.0
101172,51664,237,1,1360.0
101173,51528,286,1,1270.0
101174,52027,224,5,990.0
101175,52369,215,1,270.0
101176,51856,212,1,420.0
101177,50447,295,1,1100.0
101178,51598,264,1,980.0
101179,50210,231,2,1200.0
101180,50849,253,1,1230.0
101181,51863,294,5,840.0
101182,52418,284,1,1430.0
101183,51965,272,2,650.0
101184,51588,244,1,560.0
101185,51652,230,1,810.0
101186,51917,235,2,1380.0
101187,51919,221,1,140.0
101188,50577,263,1,330.0
101189,51666,292,1,110.0
101190,50689,217,1,170.0
101191,50790,212,1,420.0
101192,50992,218,1,940.0
101193,52211,292,1,110.0
101194,50977,260,1,550.0
101195,51356,267,1,1160.0
101196,51688,215,1,270.0
101197,50350,216,4,1420.0
101198,51772,222,1,220.0
101199,50426,295,3,1100.0
101200,50327,263,1,330.0
101201,51130,231,1,1200.0
101202,50255,201,1,810.0
101203,52038,275,1,450.0
101204,52406,206,1,140.0
101205,51991,287,1,180.0
101206,50444,209,1,200.0
101207,50113,252,3,650.0
101208,51054,280,5,420.0
101209,50689,262,1,1040.0
101210,50991,258,1,990.0
101211,51874,219,1,1200.0
101212,50046,213,1,330.0
101213,51195,232,1,740.0
101214,50757,209,1,200.0
101215,51377,249,2,1040.0
101216,51227,237,1,1360.0
101217,51250,231,1,1200.0
101218,50564,231,3,1200.0
101219,52209,259,1,1000.0
101220,52273,255,1,400.0
101221,51341,219,2,1200.0
101222,51438,263,1,330.0
101223,50095,202,1,1310.0
101224,51803,245,1,840.0
101225,50949,296,1,970.0
101226,50553,243,3,1030.0
101227,50066,298,1,920.0
101228,51498,201,1,810.0
101229,50665,285,1,170.0
101230,50180,261,4,1190.0
101231,51483,203,1,750.0
101232,50202,291,1,710.0
101233,51499,244,4,560.0
101234,51542,207,4,890.0
101235,51313,233,1,260.0
101236,51949,209,1,200.0
101237,50694,230,1,810.0
101238,51720,218,1,940.0
101239,51268,256,1,1110.0
101240,51792,290,1,550.0
101241,51722,284,1,1430.0
101242,51622,231,1,1200.0
101243,51198,272,4,650.0
101244,51558,263,1,330.0
101245,51533,287,1,180.0
101246,52292,250,5,700.0
101247,52108,289,1,1380.0
101248,50104,201,1,810.0
101249,51695,282,1,1210.0
101250,51011,219,1,1200.0
101251,51768,264,1,980.0
101252,52125,253,1,1230.0
101253,51042,206,1,140.0
101254,51558,217,1,170.0
101255,51208,246,1,1000.0
101256,51681,272,1,650.0
101257,51679,273,1,870.0
101258,52315,255,1,400.0
101259,50781,291,4,710.0
101260,50946,206,1,140.0
101261,51831,270,1,1420.0
101262,50548,268,1,1390.0
101263,52208,286,1,1270.0
101264,52447,240,2,610.0
101265,52175,291,2,710.0
101266,51798,266,1,380.0
101267,51881,209,2,200.0
101268,50948,211,1,1390.0
101269,52258,220,2,660.0
101270,52198,243,1,1030.0
101271,50031,258,1,990.0
101272,50612,278,4,890.0
101273,51865,226,1,410.0
101274,50302,238,4,1370.0
101275,50683,294,1,840.0
101276,50257,236,1,120.0
101277,50940,299,1,140.0
101278,52057,255,1,400.0
101279,50777,206,1,140.0
101280,50732,203,1,750.0
101281,51229,265,1,460.0
101282,52072,264,2,980.0
101283,52043,258,1,990.0
101284,50970,258,2,990.0
101285,50103,218,1,940.0
101286,51084,223,1,920.0
101287,51110,296,1,970.0
101288,50767,229,4,780.0
101289,50372,223,1,920.0
101290,50679,236,1,120.0
101291,51994,270,2,1420.0
101292,50202,281,1,1020.0
101293,51626,282,2,1210.0
101294,50089,295,1,1100.0
101295,52485,206,1,140.0
101296,52168,234,1,890.0
101297,52204,244,1,560.0
101298,51997,244,2,560.0
101299,50399,227,2,1110.0
101300,51724,252,1,650.0
101301,50188,242,3,120.0
101302,51076,225,1,780.0
101303,50652,274,1,800.0
101304,51555,239,1,790.0
101305,51504,239,1,790.0
101306,50587,212,1,420.0
101307,50230,211,1,1390.0
101308,51154,203,1,750.0
101309,50055,222,2,220.0
101310,50271,204,2,1080.0
101311,51124,208,1,1150.0
101312,50970,214,1,550.0
101313,51553,284,1,1430.0
101314,51378,288,2,300.0
101315,51176,214,1,550.0
101316,52378,292,1,110.0
101317,50116,216,4,1420.0
101318,50323,232,1,740.0
101319,51596,264,1,980.0
101320,52277,276,1,830.0
101321,50360,216,1,1420.0
101322,50028,252,4,650.0
101323,51255,219,1,1200.0
101324,51419,269,1,1490.0
101325,51736,212,1,420.0
101326,51868,293,1,1130.0
101327,51295,205,1,350.0
101328,51875,242,1,120.0
101329,52076,217,1,170.0
101330,51543,272,1,650.0
101331,50744,294,1,840.0
101332,51112,210,1,1490.0
101333,51722,284,5,1430.0
101334,51779,216,1,1420.0
101335,50580,216,4,1420.0
101336,52499,242,1,120.0
101337,50433,203,2,750.0
101338,50374,223,1,920.0
101339,52483,286,1,1270.0
101340,51211,228,1,1390.0
101341,51775,245,1,840.0
101342,52042,268,2,1390.0
101343,52266,224,1,990.0
101344,51132,219,1,1200.0
101345,51843,275,3,450.0
101346,51574,240,1,610.0
101347,51931,246,1,1000.0
101348,50948,240,1,610.0
101349,50349,262,1,1040.0
101350,50788,218,2,940.0
101351,51546,212,1,420.0
101352,50026,214,1,550.0
101353,51072,282,1,1210.0
101354,50859,261,1,1190.0
101355,50370,212,1,420.0
101356,51636,227,1,1110.0
101357,51211,206,1,140.0
101358,51548,288,2,300.0
101359,50884,233,1,260.0
101360,51915,280,1,420.0
101361,50279,250,1,700.0
101362,52389,212,4,420.0
101363,51352,295,1,1100.0
101364,51703,257,5,730.0
101365,51658,253,4,1230.0
101366,51929,213,2,330.0
101367,50607,272,1,650.0
101368,51049,203,1,750.0
101369,52474,264,1,980.0
101370,50029,284,3,1430.0
101371,50956,258,2,990.0
101372,50323,204,4,1080.0
101373,51877,245,1,840.0
101374,52361,266,1,380.0
101375,50584,236,1,120.0
101376,51294,223,1,920.0
101377,52343,219,1,1200.0
101378,50656,240,1,610.0
101379,50786,272,4,650.0
101380,50223,216,1,1420.0
101381,52123,258,3,990.0
101382,52150,218,3,940.0
101383,52221,236,1,120.0
101384,51028,224,1,990.0
101385,51684,201,1,810.0
101386,52443,201,1,810.0
101387,51650,264,1,980.0
101388,50833,262,1,1040.0
101389,51004,236,5,120.0
101390,50167,275,1,450.0
101391,52348,218,1,940.0
101392,52017,216,2,1420.0
101393,50118,217,1,170.0
101394,51810,224,1,990.0
101395,52207,298,2,920.0
101396,51408,268,1,1390.0
101397,51251,299,1,140.0
101398,50463,279,4,1110.0
101399,51734,202,1,1310.0
101400,51672,295,1,1100.0
101401,52152,273,1,870.0
101402,50982,210,1,1490.0
101403,52298,253,4,1230.0
101404,51037,289,2,1380.0
101405,51880,251,1,520.0
101406,50597,269,5,1490.0
101407,50621,214,2,550.0
101408,51412,266,1,380.0
101409,50071,282,1,1210.0
101410,50956,293,1,1130.0
101411,51804,253,1,1230.0
101412,50438,284,1,1430.0
101413,51068,264,1,980.0
101414,51926,272,1,650.0
101415,51038,249,3,1040.0
101416,51403,290,2,550.0
101417,52362,262,1,1040.0
101418,51439,237,3,1360.0
101419,50485,249,1,1040.0
101420,50169,268,1,1390.0
101421,50803,233,1,260.0
101422,50246,222,3,220.0
101423,52314,270,4,1420.0
101424,50849,233,2,260.0
101425,52291,228,4,1390.0
101426,52026,288,1,300.0
101427,51694,204,3,1080.0
101428,51351,266,1,380.0
101429,50530,277,1,380.0
101430,51619,249,1,1040.0
101431,50847,211,1,1390.0
101432,52390,235,1,1380.0
101433,51789,239,1,790.0
101434,51703,210,1,1490.0
101435,50760,274,1,800.0
101436,51404,272,1,650.0
101437,50798,269,1,1490.0
101438,50532,223,1,920.0
101439,51918,234,4,890.0
101440,50864,232,2,740.0
101441,50042,216,1,1420.0
101442,50599,268,4,1390.0
101443,50306,254,1,560.0
101444,50809,228,1,1390.0
101445,51264,260,1,550.0
101446,50679,278,1,890.0
101447,50731,276,1,830.0
101448,52489,260,1,550.0
101449,52026,285,1,170.0
101450,50933,280,1,420.0
101451,50903,244,2,560.0
101452,50133,202,1,1310.0
101453,52099,223,2,920.0
101454,50392,293,1,1130.0
101455,50508,246,4,1000.0
101456,51686,273,1,870.0
101457,52402,254,3,560.0
101458,51419,271,2,1000.0
101459,50956,293,1,1130.0
101460,50096,281,1,1020.0
101461,50106,209,1,200.0
101462,50678,270,4,1420.0
101463,50856,244,1,560.0
101464,51963,284,1,1430.0
101465,50790,274,1,800.0
101466,50515,273,1,870.0
101467,51085,212,1,420.0
101468,51008,297,3,1370.0
101469,51318,232,1,740.0
101470,52350,234,5,890.0
101471,52279,283,1,1320.0
101472,51433,233,1,260.0
101473,50297,264,1,980.0
101474,50455,248,2,150.0
101475,50942,216,1,1420.0
101476,50240,250,1,700.0
101477,51622,223,1,920.0
101478,52186,226,1,410.0
101479,50454,254,2,560.0
101480,51250,244,1,560.0
101481,52491,237,1,1360.0
101482,52075,209,1,200.0
101483,50695,294,1,840.0
101484,50710,213,1,330.0
101485,52015,260,1,550.0
101486,50849,280,1,420.0
101487,50949,202,1,1310.0
101488,50107,295,1,1100.0
101489,52492,260,1,550.0
101490,51725,257,1,730.0
101491,52084,243,1,1030.0
101492,50597,219,1,1200.0
101493,50155,211,1,1390.0
101494,50796,278,2,890.0
101495,50272,247,1,950.0
101496,51571,289,1,1380.0
101497,51444,263,1,330.0
101498,51208,207,1,890.0
101499,51635,279,2,1110.0
101500,51261,294,1,840.0
101501,51939,231,1,1200.0
101502,51533,288,1,300.0
101503,50122,255,2,400.0
101504,51441,225,4,780.0
101505,51399,272,1,650.0
101506,51504,230,3,810.0
101507,50150,236,1,120.0
101508,50707,250,1,700.0
101509,51616,214,1,550.0
101510,51514,229,1,780.0
101511,52201,227,1,1110.0
101512,50845,250,2,700.0
101513,52328,236,1,120.0
101514,52470,234,1,890.0
101515,51977,221,1,140.0
101516,51836,238,1,1370.0
101517,50804,275,1,450.0
101518,50355,297,1,1370.0
101519,51606,279,1,1110.0
101520,50378,276,1,830.0
101521,52128,288,1,300.0
101522,51581,250,1,700.0
101523,50988,237,1,1360.0
101524,50233,275,1,450.0
101525,50154,219,1,1200.0
101526,50907,201,1,810.0
101527,51621,281,1,1020.0
101528,52419,240,2,610.0
101529,50323,255,3,400.0
101530,50332,280,2,420.0
101531,50243,226,1,410.0
101532,50430,243,1,1030.0
101533,51206,259,1,1000.0
101534,51497,251,1,520.0
101535,52424,215,1,270.0
101536,50081,208,2,1150.0
101537,51574,294,1,840.0
101538,50420,214,1,550.0
101539,50467,297,1,1370.0
101540,51081,207,1,890.0
101541,52001,218,1,940.0
101542,51566,212,1,420.0
101543,51519,202,1,1310.0
101544,52036,250,2,700.0
101545,50804,293,1,1130.0
101546,51078,221,2,140.0
101547,51633,207,1,890.0
101548,51985,291,1,710.0
101549,50004,212,1,420.0
101550,51903,284,4,1430.0
101551,50603,257,1,730.0
101552,52368,278,1,890.0
101553,51399,274,1,800.0
101554,50501,223,1,920.0
101555,51686,230,1,810.0
101556,50185,258,2,990.0
101557,51296,295,1,1100.0
101558,50055,252,1,650.0
101559,51725,256,4,1110.0
101560,51871,210,2,1490.0
101561,50077,219,1,1200.0
101562,52344,219,1,1200.0
101563,51602,287,1,180.0
101564,51672,259,2,1000.0
101565,51735,244,2,560.0
101566,52091,259,2,1000.0
101567,51385,296,1,970.0
101568,51252,284,1,1430.0
101569,52275,204,1,1080.0
101570,51087,297,1,1370.0
101571,50171,265,2,460.0
101572,52355,213,1,330.0
101573,51774,267,1,1160.0
101574,52082,212,2,420.0
101575,50827,293,1,1130.0
101576,51666,255,1,400.0
101577,50130,261,2,1190.0
101578,51418,295,3,1100.0
101579,51175,241,2,1310.0
101580,51408,236,1,120.0
101581,51041,202,1,1310.0
101582,50594,222,1,220.0
101583,51038,222,1,220.0
101584,52129,241,1,1310.0
101585,50204,295,3,1100.0
101586,51808,214,1,550.0
101587,51568,293,1,1130.0
101588,50023,235,2,1380.0
101589,51634,250,2,700.0
101590,52192,209,1,200.0
101591,50104,296,4,970.0
101592,51406,259,5,1000.0
101593,51479,256,4,1110.0
101594,52372,291,2,710.0
101595,51195,210,2,1490.0
101596,50576,225,1,780.0
101597,51607,245,1,840.0
101598,50274,297,1,1370.0
101599,50452,211,1,1390.0
101600,50125,209,1,200.0
101601,52365,207,1,890.0
101602,51867,271,1,1000.0
101603,52155,234,3,890.0
101604,51684,283,2,1320.0
101605,50907,220,1,660.0
101606,50430,289,1,1380.0
101607,50362,205,2,350.0
101608,50796,293,2,1130.0
101609,50432,255,4,400.0
101610,51544,291,5,710.0
101611,50859,289,4,1380.0
101612,51430,215,1,270.0
101613,51346,248,1,150.0
101614,51631,204,2,1080.0
101615,50576,278,1,890.0
101616,51089,281,2,1020.0
101617,50893,221,1,140.0
101618,50270,280,2,420.0
101619,52020,290,1,550.0
101620,51124,209,1,200.0
101621,50438,266,1,380.0
101622,51043,279,4,1110.0
101623,52273,235,1,1380.0
101624,51642,288,4,300.0
101625,52442,251,2,520.0
101626,51384,278,2,890.0
101627,51454,237,2,1360.0
101628,50015,206,1,140.0
101629,51675,282,1,1210.0
101630,51004,286,1,1270.0
101631,52462,282,3,1210.0
101632,51379,251,2,520.0
101633,51481,266,1,380.0
101634,51746,296,1,970.0
101635,51862,217,1,170.0
101636,50115,265,1,460.0
101637,51376,209,1,200.0
101638,50976,213,1,330.0
101639,51686,258,1,990.0
101640,52084,230,1,810.0
101641,52290,231,1,1200.0
101642,51687,223,1,920.0
101643,50063,263,1,330.0
101644,50509,228,1,1390.0
101645,50188,259,1,1000.0
101646,50093,210,1,1490.0
101647,50005,289,1,1380.0
101648,52073,290,1,550.0
101649,50098,226,2,410.0
101650,51292,277,1,380.0
101651,51788,217,1,170.0
101652,51309,240,1,610.0
101653,50684,268,1,1390.0
101654,51133,223,2,920.0
101655,50027,235,1,1380.0
101656,51782,275,1,450.0
101657,52103,276,1,830.0
101658,50781,209,1,200.0
101659,52346,279,1,1110.0
101660,51615,245,1,840.0
101661,51042,237,1,1360.0
101662,51794,269,1,1490.0
101663,50855,219,1,1200.0
101664,51643,275,2,450.0
101665,51933,273,1,870.0
101666,52027,299,1,140.0
101667,51988,227,1,1110.0
101668,51270,213,1,330.0
101669,51113,257,2,730.0
101670,52251,260,1,550.0
101671,50240,212,1,420.0
101672,50490,209,1,200.0
101673,51037,292,1,110.0
101674,51339,277,1,380.0
101675,52037,284,3,1430.0
101676,50685,277,2,380.0
101677,52027,227,1,1110.0
101678,52291,290,3,550.0
101679,51615,263,1,330.0
101680,51768,293,2,1130.0
101681,50613,229,2,780.0
101682,50162,222,1,220.0
101683,50656,273,1,870.0
101684,50621,288,3,300.0
101685,51257,219,1,1200.0
101686,52159,238,1,1370.0
101687,51952,295,1,1100.0
101688,51256,239,3,790.0
101689,51976,215,4,270.0
101690,50750,254,1,560.0
101691,50709,232,3,740.0
101692,52321,246,1,1000.0
101693,51622,261,4,1190.0
101694,50041,293,1,1130.0
101695,50560,252,1,650.0
101696,50466,234,1,890.0
101697,51101,273,1,870.0
101698,51714,235,1,1380.0
101699,50490,270,2,1420.0
101700,50117,237,1,1360.0
101701,52482,278,4,890.0
101702,51595,261,1,1190.0
101703,50196,249,1,1040.0
101704,50619,209,1,200.0
101705,51475,219,3,1200.0
101706,52473,287,1,180.0
101707,51308,228,3,1390.0
101708,50034,280,4,420.0
101709,52343,226,1,410.0
101710,51275,238,1,1370.0
101711,50339,240,2,610.0
101712,50180,225,3,780.0
101713,50622,299,1,140.0
101714,51657,269,1,1490.0
101715,50643,271,1,1000.0
101716,52071,223,1,920.0
101717,51681,289,1,1380.0
101718,51351,265,1,460.0
101719,51178,222,1,220.0
101720,50619,264,1,980.0
101721,51170,268,4,1390.0
101722,50252,258,2,990.0
101723,50302,228,4,1390.0
101724,51567,278,2,890.0
101725,52211,297,1,1370.0
101726,50612,268,2,1390.0
101727,51072,275,3,450.0
101728,52493,296,4,970.0
101729,51944,204,1,1080.0
101730,50074,201,1,810.0
101731,51728,226,1,410.0
101732,50542,233,1,260.0
101733,50157,281,4,1020.0
101734,51290,227,1,1110.0
101735,50256,242,3,120.0
101736,51052,269,1,1490.0
101737,50937,271,1,1000.0
101738,52166,264,1,980.0
101739,52418,225,1,780.0
101740,52257,272,1,650.0
101741,51892,298,1,920.0
101742,51582,204,1,1080.0
101743,50316,212,2,420.0
101744,52492,258,1,990.0
101745,51776,295,2,1100.0
101746,51971,211,1,1390.0
101747,51222,259,1,1000.0
101748,51723,236,1,120.0
101749,52493,222,2,220.0
101750,50570,265,1,460.0
101751,50908,250,1,700.0
101752,50649,204,4,1080.0
101753,51641,272,1,650.0
101754,52353,289,1,1380.0
101755,50339,292,2,110.0
101756,50529,252,1,650.0
101757,52102,243,1,1030.0
101758,51136,246,1,1000.0
101759,51952,204,1,1080.0
101760,50419,213,1,330.0
101761,52353,238,1,1370.0
101762,51680,245,2,840.0
101763,50085,225,1,780.0
101764,52300,267,1,1160.0
101765,51752,255,3,400.0
101766,50126,296,1,970.0
101767,52028,239,2,790.0
101768,51429,265,3,460.0
101769,52352,275,1,450.0
101770,51290,202,1,1310.0
101771,50644,269,4,1490.0
101772,52255,286,5,1270.0
101773,50574,262,1,1040.0
101774,52022,246,1,1000.0
101775,51668,277,1,380.0
101776,52249,287,1,180.0
101777,51308,231,1,1200.0
101778,50137,299,1,140.0
101779,50130,235,3,1380.0
101780,51219,245,1,840.0
101781,51018,277,2,380.0
101782,50432,254,1,560.0
101783,52383,271,1,1000.0
101784,50909,269,1,1490.0
101785,52014,229,1,780.0
101786,50209,272,1,650.0
101787,51985,208,3,1150.0
101788,50058,254,1,560.0
101789,52008,207,2,890.0
101790,51369,283,1,1320.0
101791,51038,223,1,920.0
101792,51383,232,1,740.0
101793,50377,262,2,1040.0
101794,52291,245,1,840.0
101795,50993,268,1,1390.0
101796,50415,230,3,810.0
101797,50394,239,2,790.0
101798,50729,205,1,350.0
101799,50358,267,2,1160.0
101800,51600,222,1,220.0
101801,51182,228,2,1390.0
101802,52066,222,1,220.0
101803,51592,286,1,1270.0
101804,50155,298,1,920.0
101805,51591,229,1,780.0
101806,51555,243,1,1030.0
101807,50487,242,3,120.0
101808,52199,260,3,550.0
101809,51383,277,1,380.0
101810,52416,271,1,1000.0
101811,51071,274,1,800.0
101812,52255,292,1,110.0
101813,52498,268,4,1390.0
101814,51507,259,1,1000.0
101815,51876,296,1,970.0
101816,50924,286,1,1270.0
101817,52191,284,1,1430.0
101818,51071,284,1,1430.0
101819,50191,206,1,140.0
101820,50140,273,1,870.0
101821,50615,228,1,1390.0
101822,51515,277,1,380.0
101823,50624,231,1,1200.0
101824,51340,239,1,790.0
101825,51346,250,2,700.0
101826,50087,278,1,890.0
101827,51918,286,3,1270.0
101828,50282,237,1,1360.0
101829,51098,288,1,300.0
101830,50453,272,1,650.0
101831,50047,215,1,270.0
101832,51612,251,4,520.0
101833,52079,270,1,1420.0
101834,52065,223,1,920.0
101835,51684,225,3,780.0
101836,51259,295,1,1100.0
101837,50392,246,1,1000.0
101838,50354,293,1,1130.0
101839,50305,223,1,920.0
101840,51623,210,1,1490.0
101841,51574,273,1,870.0
101842,51564,277,2,380.0
101843,51613,232,3,740.0
101844,51949,251,1,520.0
101845,50712,241,1,1310.0
101846,51419,265,1,460.0
101847,50786,265,1,460.0
101848,50857,240,1,610.0
101849,50177,218,2,940.0
101850,51430,236,2,120.0
101851,52349,231,1,1200.0
101852,52493,254,1,560.0
101853,52069,263,1,330.0
101854,50711,201,1,810.0
101855,51868,252,1,650.0
101856,50152,257,1,730.0
101857,51467,209,1,200.0
101858,50096,286,1,1270.0
101859,51099,292,1,110.0
101860,50640,290,5,550.0
101861,51157,274,1,800.0
101862,52448,256,1,1110.0
101863,52294,247,1,950.0
101864,50112,203,1,750.0
101865,51194,202,4,1310.0
101866,51623,254,1,560.0
101867,51634,237,4,1360.0
101868,51162,256,1,1110.0
101869,51618,231,1,1200.0
101870,51260,297,1,1370.0
101871,51672,296,1,970.0
101872,51595,212,1,420.0
101873,52164,258,3,990.0
101874,51496,267,1,1160.0
101875,51225,226,1,410.0
101876,50292,278,1,890.0
101877,52390,212,1,420.0
101878,51015,290,1,550.0
101879,51634,216,1,1420.0
101880,51240,253,1,1230.0
101881,51660,272,1,650.0
101882,50585,249,2,1040.0
101883,51914,249,2,1040.0
101884,52027,292,1,110.0
101885,51493,207,5,890.0
101886,50027,215,2,270.0
101887,51701,236,1,120.0
101888,50455,272,1,650.0
101889,50918,274,1,800.0
101890,50014,215,1,270.0
101891,52146,262,3,1040.0
101892,50279,218,2,940.0
101893,51964,246,3,1000.0
101894,50490,261,1,1190.0
101895,50985,243,1,1030.0
101896,50961,244,1,560.0
101897,51783,299,1,140.0
101898,52255,266,1,380.0
101899,51888,255,1,400.0
101900,51870,286,1,1270.0
101901,51597,279,1,1110.0
101902,51263,239,2,790.0
101903,50250,205,1,350.0
101904,51607,257,2,730.0
101905,50740,215,5,270.0
101906,50306,291,3,710.0
101907,51807,216,2,1420.0
101908,51937,257,1,730.0
101909,51826,282,1,1210.0
101910,50183,299,2,140.0
101911,50030,225,2,780.0
101912,51412,222,1,220.0
101913,50767,231,2,1200.0
101914,50615,234,1,890.0
101915,51005,287,1,180.0
101916,52122,216,1,1420.0
101917,50024,270,1,1420.0
101918,52476,259,1,1000.0
101919,51056,215,1,270.0
101920,52387,282,1,1210.0
101921,51971,213,2,330.0
101922,52005,224,1,990.0
101923,51539,213,1,330.0
101924,50672,265,1,460.0
101925,50571,236,1,120.0
101926,50764,249,1,1040.0
101927,51243,282,1,1210.0
101928,50713,248,4,150.0
101929,50767,297,1,1370.0
101930,51783,243,1,1030.0
101931,51294,206,3,140.0
101932,51675,281,4,1020.0
101933,52126,268,1,1390.0
101934,52058,214,1,550.0
101935,51492,230,1,810.0
101936,51360,284,1,1430.0
101937,50636,208,1,1150.0
101938,51210,254,2,560.0
101939,51692,266,1,380.0
101940,51298,204,1,1080.0
101941,52458,274,1,800.0
101942,50358,284,4,1430.0
101943,51671,260,1,550.0
101944,52146,253,1,1230.0
101945,51007,299,1,140.0
101946,50241,274,1,800.0
101947,51827,292,2,110.0
101948,51265,215,1,270.0
101949,50156,201,1,810.0
101950,50352,222,1,220.0
101951,50044,291,2,710.0
101952,50138,293,1,1130.0
101953,51968,215,4,270.0
101954,52484,274,1,800.0
101955,50754,284,1,1430.0
101956,50143,222,1,220.0
101957,51847,250,1,700.0
101958,52310,248,2,150.0
101959,50062,273,2,870.0
101960,51591,251,1,520.0
101961,51447,296,1,970.0
101962,51420,217,1,170.0
101963,52020,283,3,1320.0
101964,52079,291,1,710.0
101965,51193,251,1,520.0
101966,52314,237,1,1360.0
101967,52356,298,1,920.0
101968,50334,249,2,1040.0
101969,52489,259,3,1000.0
101970,52439,210,1,1490.0
101971,51796,230,1,810.0
101972,50254,285,1,170.0
101973,51424,221,5,140.0
101974,51028,234,1,890.0
101975,51912,273,1,870.0
101976,52167,298,1,920.0
101977,50996,250,1,700.0
101978,50470,276,1,830.0
101979,51494,247,1,950.0
101980,51888,285,2,170.0
101981,51524,284,1,1430.0
101982,51094,206,1,140.0
101983,50694,250,1,700.0
101984,51394,263,1,330.0
101985,52045,212,1,420.0
101986,50181,241,1,1310.0
101987,51221,231,1,1200.0
101988,50047,202,1,1310.0
101989,50634,216,1,1420.0
101990,51164,201,1,810.0
101991,51689,204,2,1080.0
101992,51564,247,1,950.0
101993,51451,265,1,460.0
101994,50589,252,1,650.0
101995,51878,247,1,950.0
101996,52358,299,2,140.0
101997,52322,277,1,380.0
101998,51563,250,2,700.0
101999,50840,245,1,840.0
102000,51414,242,3,120.0
102001,50733,295,5,1100.0
102002,52409,284,1,1430.0
102003,51018,256,3,1110.0
102004,51455,271,1,1000.0
102005,50758,257,4,730.0
102006,52003,233,2,260.0
102007,50621,228,5,1390.0
102008,51889,244,1,560.0
102009,50182,256,2,1110.0
102010,52296,244,1,560.0
102011,51321,284,1,1430.0
102012,51800,296,1,970.0
102013,52078,273,3,870.0
102014,51326,234,1,890.0
102015,51500,214,1,550.0
102016,50948,268,1,1390.0
102017,51376,229,1,780.0
102018,50985,279,3,1110.0
102019,52365,217,3,170.0
102020,51421,283,1,1320.0
102021,52216,209,1,200.0
102022,50126,227,1,1110.0
102023,50120,249,1,1040.0
102024,51452,279,1,1110.0
102025,51009,237,1,1360.0
102026,51214,228,1,1390.0
102027,51452,250,1,700.0
102028,50697,255,1,400.0
102029,52271,204,1,1080.0
102030,51516,285,1,170.0
102031,51035,298,1,920.0
102032,51536,219,5,1200.0
102033,50814,237,1,1360.0
102034,50310,204,1,1080.0
102035,51012,237,1,1360.0
102036,51058,251,3,520.0
102037,51019,232,2,740.0
102038,50825,245,2,840.0
102039,52045,212,1,420.0
102040,51117,241,1,1310.0
102041,50628,256,2,1110.0
102042,51157,280,1,420.0
102043,50989,214,3,550.0
102044,52467,254,1,560.0
102045,51492,263,1,330.0
102046,51829,265,3,460.0
102047,52078,258,1,990.0
102048,51993,296,1,970.0
102049,52346,221,1,140.0
102050,51085,204,3,1080.0
102051,52352,273,1,870.0
102052,50340,246,1,1000.0
102053,52496,286,1,1270.0
102054,51860,212,3,420.0
102055,51326,230,3,810.0
102056,50077,294,1,840.0
102057,51657,296,1,970.0
102058,51573,260,1,550.0
102059,50092,271,1,1000.0
102060,51875,281,2,1020.0
102061,50466,265,1,460.0
102062,51353,214,1,550.0
102063,51309,244,1,560.0
102064,50947,226,1,410.0
102065,50554,291,1,710.0
102066,52041,216,1,1420.0
102067,52157,207,2,890.0
102068,50092,232,1,740.0
102069,51003,289,1,1380.0
102070,50368,295,1,1100.0
102071,50820,216,5,1420.0
102072,50423,278,1,890.0
102073,50572,289,5,1380.0
102074,51264,262,2,1040.0
102075,50435,230,2,810.0
102076,52260,271,1,1000.0
102077,51424,212,1,420.0
102078,51634,267,1,1160.0
102079,51754,291,1,710.0
102080,50468,246,5,1000.0
102081,51194,283,1,1320.0
102082,51843,243,1,1030.0
102083,50792,255,1,400.0
102084,52258,245,2,840.0
102085,52304,260,1,550.0
102086,51707,271,1,1000.0
102087,50073,280,1,420.0
102088,50147,232,2,740.0
102089,50317,208,1,1150.0
102090,50606,277,1,380.0
102091,50575,262,1,1040.0
102092,51178,275,4,450.0
102093,50312,220,1,660.0
102094,50765,218,2,940.0
102095,52182,206,1,140.0
102096,50436,284,1,1430.0
102097,50358,296,1,970.0
102098,52300,229,1,780.0
102099,50135,204,1,1080.0
102100,50523,271,1,1000.0
102101,50804,243,1,1030.0
102102,52367,284,1,1430.0
102103,50080,234,1,890.0
102104,51477,271,2,1000.0
102105,52462,233,2,260.0
102106,52041,215,1,270.0
102107,50368,296,1,970.0
102108,51007,286,3,1270.0
102109,50993,240,2,610.0
102110,50596,293,5,1130.0
102111,51897,289,1,1380.0
102112,51045,205,1,350.0
102113,52294,278,1,890.0
102114,52331,250,1,700.0
102115,52280,299,1,140.0
102116,52364,266,1,380.0
102117,51824,289,1,1380.0
102118,52012,254,1,560.0
102119,52000,280,1,420.0
102120,50411,246,1,1000.0
102121,52293,280,3,420.0
102122,50387,211,2,1390.0
102123,51749,249,1,1040.0
102124,52406,299,5,140.0
102125,51022,223,1,920.0
102126,52070,255,1,400.0
102127,50019,205,5,350.0
102128,50276,264,1,980.0
102129,50659,235,1,1380.0
102130,50552,293,1,1130.0
102131,50679,269,1,1490.0
102132,50603,254,1,560.0
102133,50365,203,1,750.0
102134,51974,206,1,140.0
102135,50795,287,2,180.0
102136,51359,256,1,1110.0
102137,51775,202,1,1310.0
102138,50590,282,1,1210.0
102139,50199,294,2,840.0
102140,52065,238,2,1370.0
102141,50218,256,3,1110.0
102142,50741,205,1,350.0
102143,50650,246,1,1000.0
102144,52195,211,1,1390.0
102145,50670,265,1,460.0
102146,51438,210,1,1490.0
102147,50665,241,4,1310.0
102148,50856,244,1,560.0
102149,52378,290,4,550.0
102150,50895,233,1,260.0
102151,51894,291,3,710.0
102152,51187,256,1,1110.0
102153,51843,212,3,420.0
102154,52149,202,1,1310.0
102155,50327,201,4,810.0
102156,52375,265,1,460.0
102157,52058,233,1,260.0
102158,52401,286,1,1270.0
102159,50183,276,1,830.0
102160,50455,236,1,120.0
102161,51670,221,4,140.0
102162,50006,284,1,1430.0
102163,51357,236,2,120.0
102164,50211,226,1,410.0
102165,50051,247,1,950.0
102166,51469,295,1,1100.0
102167,51010,201,3,810.0
102168,50377,238,1,1370.0
102169,51075,214,1,550.0
102170,50154,290,1,550.0
102171,50582,246,1,1000.0
102172,50788,242,1,120.0
102173,50791,207,1,890.0
102174,52182,255,1,400.0
102175,52268,256,1,1110.0
102176,50163,276,2,830.0
102177,50971,263,1,330.0
102178,50648,224,3,990.0
102179,51526,283,1,1320.0
102180,50946,273,1,870.0
102181,50689,299,1,140.0
102182,52163,204,1,1080.0
102183,51523,242,1,120.0
102184,51496,296,1,970.0
102185,52048,270,1,1420.0
102186,51173,228,1,1390.0
102187,50123,292,1,110.0
102188,50804,240,1,610.0
102189,51093,251,2,520.0
102190,50063,229,2,780.0
102191,50733,242,1,120.0
102192,51658,269,2,1490.0
102193,50948,205,3,350.0
102194,52265,241,1,1310.0
102195,50479,261,1,1190.0
102196,51138,255,3,400.0
102197,51997,228,1,1390.0
102198,51404,241,1,1310.0
102199,50977,209,1,200.0
102200,50237,229,2,780.0
102201,51955,278,3,890.0
102202,50598,238,1,1370.0
102203,51703,262,4,1040.0
102204,52177,254,1,560.0
102205,50165,252,1,650.0
102206,52325,234,1,890.0
102207,52305,237,4,1360.0
102208,50570,249,1,1040.0
102209,50141,242,1,120.0
102210,50686,214,1,550.0
102211,50687,282,1,1210.0
102212,52039,233,1,260.0
102213,51075,298,1,920.0
102214,51527,292,3,110.0
102215,51283,287,1,180.0
102216,52226,217,1,170.0
102217,50922,275,1,450.0
102218,51342,232,1,740.0
102219,51690,279,1,1110.0
102220,50364,268,3,1390.0
102221,51079,239,1,790.0
102222,51068,294,3,840.0
102223,52031,210,2,1490.0
102224,52370,287,1,180.0
102225,52062,224,1,990.0
102226,51381,258,1,990.0
102227,51507,269,1,1490.0
102228,50618,264,1,980.0
102229,50359,219,1,1200.0
102230,51342,208,1,1150.0
102231,51983,271,3,1000.0
102232,51615,240,1,610.0
102233,50194,213,1,330.0
102234,50363,227,1,1110.0
102235,51120,282,1,1210.0
102236,51064,288,1,300.0
102237,52445,202,4,1310.0
102238,50107,216,2,1420.0
102239,50527,214,1,550.0
102240,51953,217,1,170.0
102241,50784,260,1,550.0
102242,51783,270,1,1420.0
102243,51750,299,2,140.0
102244,51067,217,4,170.0
102245,51866,245,1,840.0
102246,52398,238,1,1370.0
102247,51465,264,1,980.0
102248,51006,206,1,140.0
102249,51635,260,1,550.0
102250,50094,249,1,1040.0
102251,52044,221,1,140.0
102252,50089,299,1,140.0
102253,51954,223,1,920.0
102254,52042,276,1,830.0
102255,52262,257,1,730.0
102256,51446,264,1,980.0
102257,50526,229,1,780.0
102258,52240,227,4,1110.0
102259,51831,206,1,140.0
102260,50555,221,4,140.0
102261,52435,271,1,1000.0
102262,50681,241,1,1310.0
102263,51498,280,1,420.0
102264,51632,205,1,350.0
102265,50203,215,1,270.0
102266,50447,221,2,140.0
102267,51116,258,1,990.0
102268,50778,204,1,1080.0
102269,52226,269,1,1490.0
102270,51687,207,1,890.0
102271,50829,235,3,1380.0
102272,50559,236,3,120.0
102273,52023,215,1,270.0
102274,50103,292,1,110.0
102275,51297,202,1,1310.0
102276,51558,257,4,730.0
102277,50116,205,1,350.0
102278,50859,271,2,1000.0
102279,50104,286,1,1270.0
102280,52307,295,5,1100.0
102281,51332,232,1,740.0
102282,50929,272,1,650.0
102283,50807,241,1,1310.0
102284,50560,242,4,120.0
102285,52075,275,4,450.0
102286,50527,265,2,460.0
102287,50953,240,2,610.0
102288,50298,283,1,1320.0
102289,50777,238,2,1370.0
102290,50361,242,3,120.0
102291,50504,237,1,1360.0
102292,51977,256,1,1110.0
102293,52078,271,1,1000.0
102294,51463,255,1,400.0
102295,52174,289,3,1380.0
102296,50596,254,1,560.0
102297,51590,222,1,220.0
102298,51390,227,1,1110.0
102299,51876,247,1,950.0
102300,50263,238,1,1370.0
102301,51864,239,3,790.0
102302,50002,215,1,270.0
102303,51934,266,3,380.0
102304,50394,261,1,1190.0
102305,50306,260,3,550.0
102306,51170,208,1,1150.0
102307,50530,244,1,560.0
102308,50528,243,1,1030.0
102309,50965,206,4,140.0
102310,50671,284,1,1430.0
102311,52400,227,1,1110.0
102312,52257,245,3,840.0
102313,50958,223,1,920.0
102314,52253,281,1,1020.0
102315,51714,213,1,330.0
102316,50721,268,1,1390.0
102317,50636,284,1,1430.0
102318,51039,264,1,980.0
102319,52346,225,2,780.0
102320,50557,286,1,1270.0
102321,51118,252,1,650.0
102322,52155,248,1,150.0
102323,50128,261,1,1190.0
102324,51994,217,1,170.0
102325,50038,240,2,610.0
102326,51633,275,4,450.0
102327,50198,289,3,1380.0
102328,52405,269,1,1490.0
102329,52055,285,3,170.0
102330,50519,226,3,410.0
102331,52242,280,1,420.0
102332,52364,256,1,1110.0
102333,51025,240,1,610.0
102334,51086,285,1,170.0
102335,52391,296,4,970.0
102336,51042,268,1,1390.0
102337,50620,208,1,1150.0
102338,51395,273,1,870.0
102339,51595,245,1,840.0
102340,51723,217,1,170.0
102341,50235,241,4,1310.0
102342,50447,277,1,380.0
102343,50610,209,3,200.0
102344,50008,270,1,1420.0
102345,50462,291,1,710.0
102346,51000,224,1,990.0
102347,51335,273,3,870.0
102348,50134,211,1,1390.0
102349,52433,235,1,1380.0
102350,50056,229,1,780.0
102351,50993,208,4,1150.0
102352,51384,217,1,170.0
102353,51995,271,1,1000.0
102354,51112,212,1,420.0
102355,52186,279,1,1110.0
102356,51524,293,2,1130.0
102357,50144,250,4,700.0
102358,52104,224,1,990.0
102359,50620,237,3,1360.0
102360,51887,278,2,890.0
102361,51030,211,1,1390.0
102362,52495,299,3,140.0
102363,52021,281,1,1020.0
102364,51409,259,1,1000.0
102365,50639,255,1,400.0
102366,51657,227,1,1110.0
102367,50837,267,1,1160.0
102368,51586,260,2,550.0
102369,50780,202,2,1310.0
102370,50837,268,2,1390.0
102371,50265,218,1,940.0
102372,51217,220,4,660.0
102373,51398,285,1,170.0
102374,52058,263,1,330.0
102375,50302,278,1,890.0
102376,51978,272,1,650.0
102377,50805,202,1,1310.0
102378,51076,290,1,550.0
102379,51776,283,3,1320.0
102380,50099,242,5,120.0
102381,51414,228,2,1390.0
102382,51978,229,1,780.0
102383,50357,269,2,1490.0
102384,51664,228,2,1390.0
102385,50011,260,1,550.0
102386,50081,290,2,550.0
102387,52054,205,1,350.0
102388,52421,215,1,270.0
102389,50222,273,1,870.0
102390,51941,232,1,740.0
102391,51947,252,2,650.0
102392,50515,290,1,550.0
102393,50221,237,1,1360.0
102394,52397,215,3,270.0
102395,50228,241,4,1310.0
102396,52338,204,1,1080.0
102397,50293,253,1,1230.0
102398,50956,284,1,1430.0
102399,51498,227,1,1110.0
102400,51281,221,1,140.0
102401,51979,260,1,550.0
102402,51530,286,2,1270.0
102403,50388,264,2,980.0
102404,52414,271,1,1000.0
102405,52338,247,1,950.0
102406,50189,254,1,560.0
102407,50918,231,1,1200.0
102408,51202,217,1,170.0
102409,50924,250,1,700.0
102410,52423,207,1,890.0
102411,51622,283,1,1320.0
102412,50760,228,1,1390.0
102413,51478,210,1,1490.0
102414,52265,227,1,1110.0
102415,51066,213,1,330.0
102416,50194,266,1,380.0
102417,51351,286,1,1270.0
102418,51397,284,1,1430.0
102419,51489,260,1,550.0
102420,50163,243,1,1030.0
102421,50276,269,2,1490.0
102422,50364,263,1,330.0
102423,51666,270,1,1420.0
102424,52003,299,4,140.0
102425,50460,265,4,460.0
102426,52133,299,1,140.0
102427,51732,267,2,1160.0
102428,51340,254,1,560.0
102429,52291,236,4,120.0
102430,51366,271,1,1000.0
102431,50657,293,2,1130.0
102432,51107,215,2,270.0
102433,51384,275,1,450.0
102434,52136,218,2,940.0
102435,50742,204,1,1080.0
102436,51996,288,1,300.0
102437,51522,211,1,1390.0
102438,52464,206,4,140.0
102439,51624,251,1,520.0
102440,50682,258,1,990.0
102441,51113,260,1,550.0
102442,51725,218,1,940.0
102443,50899,279,1,1110.0
102444,50601,267,2,1160.0
102445,51868,217,4,170.0
102446,51200,297,1,1370.0
102447,50483,234,1,890.0
102448,52011,230,1,810.0
102449,51143,219,1,1200.0
102450,50169,209,1,200.0
102451,52022,240,1,610.0
102452,52195,244,1,560.0
102453,50439,295,1,1100.0
102454,50160,259,2,1000.0
102455,50814,291,4,710.0
102456,52450,225,1,780.0
102457,50586,271,1,1000.0
102458,50864,253,1,1230.0
102459,51042,248,3,150.0
102460,50140,271,1,1000.0
102461,51139,284,2,1430.0
102462,50328,253,1,1230.0
102463,50225,249,1,1040.0
102464,50558,243,1,1030.0
102465,52487,219,1,1200.0
102466,51574,266,1,380.0
102467,51742,234,1,890.0
102468,50386,281,2,1020.0
102469,50521,288,1,300.0
102470,51277,273,1,870.0
102471,51122,254,1,560.0
102472,51834,201,1,810.0
102473,50447,292,1,110.0
102474,51243,255,1,400.0
102475,50107,215,1,270.0
102476,51500,285,1,170.0
102477,51478,215,1,270.0
102478,50904,223,1,920.0
102479,51632,266,4,380.0
102480,51150,246,1,1000.0
102481,51171,209,2,200.0
102482,52328,266,1,380.0
102483,50024,266,1,380.0
102484,50952,218,1,940.0
102485,51745,217,1,170.0
102486,52040,272,1,650.0
102487,50120,298,1,920.0
102488,51676,234,1,890.0
102489,51321,269,1,1490.0
102490,50855,264,2,980.0
102491,51016,244,2,560.0
102492,50448,229,1,780.0
102493,51936,262,1,1040.0
102494,51744,292,1,110.0
102495,50996,216,1,1420.0
102496,51943,278,2,890.0
102497,51447,252,1,650.0
102498,51085,202,1,1310.0
102499,51725,261,1,1190.0
102500,52132,204,2,1080.0
102501,52273,252,1,650.0
102502,50186,241,1,1310.0
102503,52423,252,1,650.0
102504,50072,231,1,1200.0
102505,50074,226,1,410.0
102506,51921,227,3,1110.0
102507,51365,251,1,520.0
102508,52201,298,2,920.0
102509,52144,295,1,1100.0
102510,52493,248,1,150.0
102511,51482,211,3,1390.0
102512,52425,208,1,1150.0
102513,50765,212,2,420.0
102514,51097,299,2,140.0
102515,50212,245,1,840.0
102516,50724,234,2,890.0
102517,52379,277,3,380.0
102518,51766,291,1,710.0
102519,50751,272,1,650.0
102520,51518,247,1,950.0
102521,51469,221,1,140.0
102522,50394,241,1,1310.0
102523,50512,275,1,450.0
102524,50686,222,1,220.0
102525,51739,221,1,140.0
102526,51721,228,1,1390.0
102527,51827,267,1,1160.0
102528,51283,271,1,1000.0
102529,51858,214,2,550.0
102530,52397,279,1,1110.0
102531,52447,273,1,870.0
102532,52262,252,1,650.0
102533,51313,243,1,1030.0
102534,51865,271,1,1000.0
102535,52306,276,2,830.0
102536,51412,219,1,1200.0
102537,51808,227,4,1110.0
102538,51569,218,1,940.0
102539,51064,213,1,330.0
102540,50998,201,2,810.0
102541,52258,285,2,170.0
102542,52320,234,1,890.0
102543,50599,213,4,330.0
102544,51084,251,1,520.0
102545,52303,287,2,180.0
102546,50722,201,1,810.0
102547,51155,287,2,180.0
102548,51709,228,1,1390.0
102549,50017,232,1,740.0
102550,50992,272,1,650.0
102551,50878,255,1,400.0
102552,52233,226,1,410.0
102553,51447,214,1,550.0
102554,51466,288,1,300.0
102555,51679,293,3,1130.0
102556,51544,268,1,1390.0
102557,50080,263,2,330.0
102558,52350,282,1,1210.0
102559,51272,214,1,550.0
102560,51565,227,1,1110.0
102561,51296,241,1,1310.0
102562,52181,203,1,750.0
102563,51029,294,1,840.0
102564,51566,259,1,1000.0
102565,51714,223,1,920.0
102566,51010,218,1,940.0
102567,50773,274,2,800.0
102568,52189,276,2,830.0
102569,50483,241,2,1310.0
102570,52393,208,5,1150.0
102571,51586,232,1,740.0
102572,51582,281,1,1020.0
102573,51106,241,3,1310.0
102574,51108,245,1,840.0
102575,50175,278,2,890.0
102576,51852,209,1,200.0
102577,50842,290,1,550.0
102578,51873,248,1,150.0
102579,51887,224,5,990.0
102580,50955,287,2,180.0
102581,51596,295,3,1100.0
102582,52289,244,1,560.0
102583,50340,258,1,990.0
102584,50744,266,1,380.0
102585,51495,218,3,940.0
102586,51849,280,1,420.0
102587,50015,229,1,780.0
102588,51989,275,1,450.0
102589,50208,202,1,1310.0
102590,51084,278,1,890.0
102591,52413,268,1,1390.0
102592,52208,298,1,920.0
102593,50397,239,3,790.0
102594,51958,273,1,870.0
102595,50794,241,1,1310.0
102596,50209,271,1,1000.0
102597,51157,281,4,1020.0
102598,50433,287,1,180.0
102599,51755,275,1,450.0
102600,52437,222,1,220.0
102601,50583,282,1,1210.0
102602,50432,249,4,1040.0
102603,51298,228,3,1390.0
102604,50351,216,1,1420.0
102605,50134,268,1,1390.0
102606,50639,262,1,1040.0
102607,51229,236,1,120.0
102608,50117,222,2,220.0
102609,51291,211,1,1390.0
102610,51818,285,1,170.0
102611,52197,280,3,420.0
102612,51704,242,1,120.0
102613,51848,255,1,400.0
102614,52227,273,1,870.0
102615,52196,235,1,1380.0
102616,50465,257,2,730.0
102617,50976,234,1,890.0
102618,52026,273,1,870.0
102619,51029,277,1,380.0
102620,50526,270,1,1420.0
102621,52328,204,3,1080.0
102622,50836,246,1,1000.0
102623,52484,292,3,110.0
102624,51240,211,3,1390.0
102625,51539,298,4,920.0
102626,51911,261,3,1190.0
102627,51304,235,1,1380.0
102628,50132,269,4,1490.0
102629,50393,257,1,730.0
102630,50481,211,1,1390.0
102631,52035,212,1,420.0
102632,52467,243,1,1030.0
102633,51226,219,1,1200.0
102634,50462,277,1,380.0
102635,51802,268,1,1390.0
102636,50152,278,1,890.0
102637,52270,259,1,1000.0
102638,50079,202,2,1310.0
102639,51224,208,1,1150.0
102640,51786,222,1,220.0
102641,52147,277,1,380.0
102642,52025,221,1,140.0
102643,52261,285,1,170.0
102644,51837,292,1,110.0
102645,51398,297,1,1370.0
102646,51076,229,1,780.0
102647,51648,286,1,1270.0
102648,52183,290,4,550.0
102649,50411,275,1,450.0
102650,52009,275,2,450.0
102651,51494,298,2,920.0
102652,51136,283,1,1320.0
102653,51549,237,5,1360.0
102654,50785,278,2,890.0
102655,51068,229,1,780.0
102656,51421,283,1,1320.0
102657,52010,237,1,1360.0
102658,51609,221,1,140.0
102659,52309,288,1,300.0
102660,50743,290,2,550.0
102661,52436,212,3,420.0
102662,52064,248,1,150.0
102663,52021,283,2,1320.0
102664,50662,247,2,950.0
102665,51828,294,1,840.0
102666,52150,215,1,270.0
102667,50951,267,1,1160.0
102668,50025,213,2,330.0
102669,51617,259,2,1000.0
102670,50018,273,1,870.0
102671,50570,213,1,330.0
102672,51017,280,2,420.0
102673,51356,278,2,890.0
102674,51593,272,1,650.0
102675,50831,219,1,1200.0
102676,51036,257,3,730.0
102677,51933,232,1,740.0
102678,52211,299,1,140.0
102679,51307,287,2,180.0
102680,51753,221,1,140.0
102681,50872,282,3,1210.0
102682,50835,214,1,550.0
102683,50857,280,1,420.0
102684,50970,224,1,990.0
102685,50593,249,1,1040.0
102686,50255,232,1,740.0
102687,52115,275,1,450.0
102688,50603,211,1,1390.0
102689,51066,260,4,550.0
102690,51812,268,1,1390.0
102691,51840,261,1,1190.0
102692,51810,290,1,550.0
102693,52432,205,1,350.0
102694,51258,236,1,120.0
102695,50966,297,1,1370.0
102696,51738,264,3,980.0
102697,50485,278,1,890.0
102698,50039,232,1,740.0
102699,50011,271,1,1000.0
102700,50624,274,1,800.0
102701,50409,266,1,380.0
102702,52156,210,2,1490.0
102703,52028,299,1,140.0
102704,51118,221,1,140.0
102705,52132,240,1,610.0
102706,52106,242,4,120.0
102707,50605,272,1,650.0
102708,50969,246,1,1000.0
102709,50165,282,1,1210.0
102710,50437,273,2,870.0
102711,51680,241,1,1310.0
102712,51810,294,1,840.0
102713,52451,204,2,1080.0
102714,51410,299,1,140.0
102715,51978,214,1,550.0
102716,51162,214,1,550.0
102717,50814,253,2,1230.0
102718,51830,284,1,1430.0
102719,50293,229,1,780.0
102720,51499,223,4,920.0
102721,50462,285,1,170.0
102722,52092,231,1,1200.0
102723,51107,296,2,970.0
102724,51435,271,1,1000.0
102725,50711,277,1,380.0
102726,51648,261,1,1190.0
102727,50089,223,1,920.0
102728,51664,208,3,1150.0
102729,51042,276,1,830.0
102730,51934,216,1,1420.0
102731,50422,226,3,410.0
102732,50876,229,1,780.0
102733,50338,293,1,1130.0
102734,50266,206,1,140.0
102735,51379,237,1,1360.0
102736,52408,233,1,260.0
102737,51815,295,1,1100.0
102738,52265,246,1,1000.0
102739,50321,261,1,1190.0
102740,50850,241,1,1310.0
102741,50719,218,1,940.0
102742,50992,295,1,1100.0
102743,51809,216,1,1420.0
102744,50717,251,1,520.0
102745,50985,237,1,1360.0
102746,51940,214,1,550.0
102747,50896,268,1,1390.0
102748,51177,230,1,810.0
102749,51777,260,1,550.0
102750,52335,253,1,1230.0
102751,51460,297,3,1370.0
102752,51616,236,2,120.0
102753,51173,230,1,810.0
102754,50542,264,1,980.0
102755,50635,214,1,550.0
102756,51350,223,3,920.0
102757,50698,248,3,150.0
102758,51953,228,1,1390.0
102759,52123,207,2,890.0
102760,51605,242,1,120.0
102761,50498,210,1,1490.0
102762,50722,268,2,1390.0
102763,51775,244,1,560.0
102764,51364,213,2,330.0
102765,50308,285,1,170.0
102766,50884,233,1,260.0
102767,51265,292,1,110.0
102768,50253,287,1,180.0
102769,50936,232,1,740.0
102770,51244,248,1,150.0
102771,52445,205,1,350.0
102772,51753,261,1,1190.0
102773,51738,290,2,550.0
102774,51053,290,1,550.0
102775,50494,203,1,750.0
102776,50959,224,1,990.0
102777,52022,298,1,920.0
102778,51748,234,1,890.0
102779,51178,284,1,1430.0
102780,50992,294,1,840.0
102781,52150,242,1,120.0
102782,52225,220,1,660.0
102783,50927,241,5,1310.0
102784,52280,282,1,1210.0
102785,52060,220,2,660.0
102786,51210,206,1,140.0
102787,50932,257,1,730.0
102788,52314,242,1,120.0
102789,51926,225,3,780.0
102790,51159,241,1,1310.0
102791,50757,241,1,1310.0
102792,51055,203,1,750.0
102793,50456,243,1,1030.0
102794,50259,246,3,1000.0
102795,50431,257,2,730.0
102796,51965,283,2,1320.0
102797,51974,274,1,800.0
102798,50647,251,3,520.0
102799,50447,205,1,350.0
102800,51113,286,1,1270.0
102801,50195,273,2,870.0
102802,51438,297,1,1370.0
102803,51146,215,1,270.0
102804,51140,288,1,300.0
102805,50196,294,1,840.0
102806,52084,239,1,790.0
102807,52115,270,1,1420.0
102808,50645,279,2,1110.0
102809,51035,238,2,1370.0
102810,51754,239,3,790.0
102811,50322,252,1,650.0
102812,51692,286,2,1270.0
102813,52288,203,2,750.0
102814,51017,229,1,780.0
102815,50650,293,1,1130.0
102816,51703,231,1,1200.0
102817,52213,266,1,380.0
102818,50831,299,1,140.0
102819,50189,245,1,840.0
102820,51511,273,1,870.0
102821,50092,222,1,220.0
102822,51912,283,1,1320.0
102823,52337,210,2,1490.0
102824,51581,221,2,140.0
102825,51409,217,1,170.0
102826,50175,267,1,1160.0
102827,51697,207,1,890.0
102828,50474,236,1,120.0
102829,51935,267,1,1160.0
102830,50270,277,2,380.0
102831,52045,230,1,810.0
102832,52455,287,2,180.0
102833,50694,271,2,1000.0
102834,50376,294,1,840.0
102835,51416,229,1,780.0
102836,52230,272,1,650.0
102837,52084,274,1,800.0
102838,51236,233,1,260.0
102839,51972,259,5,1000.0
102840,50134,220,2,660.0
102841,50924,293,3,1130.0
102842,50690,229,1,780.0
102843,51702,253,1,1230.0
102844,52030,285,1,170.0
102845,51873,201,1,810.0
102846,50841,234,1,890.0
102847,50988,244,1,560.0
102848,51462,296,1,970.0
102849,50839,214,3,550.0
102850,52480,237,4,1360.0
102851,51452,235,1,1380.0
102852,50748,259,3,1000.0
102853,50966,224,1,990.0
102854,51927,265,1,460.0
102855,52039,206,2,140.0
102856,52229,268,1,1390.0
102857,50145,238,3,1370.0
102858,51851,201,1,810.0
102859,50735,241,3,1310.0
102860,52454,231,5,1200.0
102861,52387,236,1,120.0
102862,52316,273,1,870.0
102863,52314,254,1,560.0
102864,50528,287,1,180.0
102865,51412,231,1,1200.0
102866,51119,229,2,780.0
102867,50430,285,1,170.0
102868,51061,203,4,750.0
102869,51417,258,2,990.0
102870,51597,290,1,550.0
102871,51898,261,1,1190.0
102872,52351,206,1,140.0
102873,51780,220,1,660.0
102874,52449,261,1,1190.0
102875,52392,246,1,1000.0
102876,50518,213,1,330.0
102877,51401,223,1,920.0
102878,50165,279,2,1110.0
102879,52073,231,2,1200.0
102880,51147,204,1,1080.0
102881,50129,275,1,450.0
102882,51658,266,2,380.0
102883,51018,216,4,1420.0
102884,50595,231,1,1200.0
102885,51333,248,1,150.0
102886,52484,243,1,1030.0
102887,50182,204,1,1080.0
102888,51612,262,1,1040.0
102889,50744,248,1,150.0
102890,51839,228,1,1390.0
102891,52091,216,1,1420.0
102892,52452,289,1,1380.0
102893,51953,277,1,380.0
102894,50605,269,3,1490.0
102895,51790,230,1,810.0
102896,51614,265,4,460.0
102897,50263,269,1,1490.0
102898,52118,214,1,550.0
102899,50661,275,1,450.0
102900,51316,234,1,890.0
102901,50822,256,1,1110.0
102902,52195,229,1,780.0
102903,52073,282,2,1210.0
102904,51347,279,2,1110.0
102905,52020,225,1,780.0
102906,52299,294,2,840.0
102907,50816,266,1,380.0
102908,50682,240,1,610.0
102909,52223,291,1,710.0
102910,51194,215,1,270.0
102911,50002,232,1,740.0
102912,50639,220,1,660.0
102913,52410,253,1,1230.0
102914,50590,278,1,890.0
102915,50202,291,1,710.0
102916,51005,267,1,1160.0
102917,51313,249,1,1040.0
102918,52026,267,1,1160.0
102919,51804,277,3,380.0
102920,50126,289,1,1380.0
102921,52097,282,1,1210.0
102922,50846,201,1,810.0
102923,51797,239,2,790.0
102924,50179,261,1,1190.0
102925,51605,255,1,400.0
102926,51903,269,1,1490.0
102927,50493,202,5,1310.0
102928,52350,294,1,840.0
102929,50964,217,1,170.0
102930,51193,229,1,780.0
102931,51987,204,1,1080.0
102932,50269,273,1,870.0
102933,51388,264,2,980.0
102934,50624,285,1,170.0
102935,52148,243,1,1030.0
102936,52263,276,1,830.0
102937,52145,212,1,420.0
102938,50819,250,1,700.0
102939,50548,268,1,1390.0
102940,50337,261,1,1190.0
102941,50359,292,1,110.0
102942,51420,273,1,870.0
102943,51925,251,3,520.0
102944,50816,296,1,970.0
102945,50360,277,3,380.0
102946,50347,298,1,920.0
102947,51148,283,1,1320.0
102948,50552,278,1,890.0
102949,51888,205,1,350.0
102950,51931,291,1,710.0
102951,50422,228,2,1390.0
102952,50336,290,4,550.0
102953,51527,210,1,1490.0
102954,50057,288,3,300.0
102955,51686,281,1,1020.0
102956,52333,252,4,650.0
102957,50722,280,1,420.0
102958,50386,217,2,170.0
102959,50950,265,1,460.0
102960,51501,221,3,140.0
102961,51720,254,1,560.0
102962,52059,249,1,1040.0
102963,50260,222,1,220.0
102964,50393,269,2,1490.0
102965,50600,264,1,980.0
102966,51040,236,1,120.0
102967,50756,221,1,140.0
102968,50477,256,2,1110.0
102969,51188,273,1,870.0
102970,52072,291,1,710.0
102971,51600,248,3,150.0
102972,52360,276,1,830.0
102973,51262,218,1,940.0
102974,52070,299,1,140.0
102975,52228,215,3,270.0
102976,51842,244,1,560.0
102977,51583,294,1,840.0
102978,51760,245,3,840.0
102979,50730,297,1,1370.0
102980,51499,236,2,120.0
102981,50749,240,1,610.0
102982,50716,251,1,520.0
102983,52387,230,1,810.0
102984,50531,226,1,410.0
102985,50692,285,1,170.0
102986,52210,231,1,1200.0
102987,51109,256,4,1110.0
102988,51571,261,1,1190.0
102989,50490,217,2,170.0
102990,50005,281,1,1020.0
102991,50076,298,1,920.0
102992,51277,224,2,990.0
102993,52055,297,1,1370.0
102994,50473,204,3,1080.0
102995,51382,209,1,200.0
102996,50838,202,1,1310.0
102997,50603,235,1,1380.0
102998,51187,238,1,1370.0
102999,52366,245,1,840.0
103000,51482,215,2,270.0
103001,51765,242,1,120.0
103002,51699,203,1,750.0
103003,50232,231,2,1200.0
103004,50328,252,2,650.0
103005,52286,241,1,1310.0
103006,51144,257,1,730.0
103007,50950,242,1,120.0
103008,51887,253,1,1230.0
103009,52298,256,1,1110.0
103010,51360,287,5,180.0
103011,51308,276,1,830.0
103012,50198,272,1,650.0
103013,50416,253,3,1230.0
103014,51419,285,1,170.0
103015,50938,285,3,170.0
103016,51244,232,1,740.0
103017,51240,281,1,1020.0
103018,51339,254,3,560.0
103019,51692,237,1,1360.0
103020,50216,288,2,300.0
103021,51650,208,1,1150.0
103022,51185,282,2,1210.0
103023,50610,211,1,1390.0
103024,50918,254,1,560.0
103025,50157,260,1,550.0
103026,50162,210,1,1490.0
103027,50042,290,1,550.0
103028,52351,270,1,1420.0
103029,51354,281,1,1020.0
103030,51587,287,1,180.0
103031,51453,242,2,120.0
103032,50120,237,1,1360.0
103033,51099,292,1,110.0
103034,52038,280,1,420.0
103035,50123,276,1,830.0
103036,50789,258,3,990.0
103037,50257,285,1,170.0
103038,51861,259,1,1000.0
103039,51293,224,1,990.0
103040,51173,228,2,1390.0
103041,51172,237,1,1360.0
103042,50680,221,2,140.0
103043,51202,233,1,260.0
103044,50608,202,2,1310.0
103045,50331,283,1,1320.0
103046,52104,228,4,1390.0
103047,51231,215,1,270.0
103048,52153,201,1,810.0
103049,50547,228,2,1390.0
103050,50793,250,1,700.0
103051,51905,235,1,1380.0
103052,51379,296,4,970.0
103053,51683,228,1,1390.0
103054,50489,209,1,200.0
103055,51823,224,1,990.0
103056,51527,263,1,330.0
103057,52351,204,2,1080.0
103058,50650,256,1,1110.0
103059,50648,241,1,1310.0
103060,51386,267,1,1160.0
103061,50381,248,1,150.0
103062,52210,286,3,1270.0
103063,52067,258,3,990.0
103064,51864,239,1,790.0
103065,52291,225,1,780.0
103066,50129,260,3,550.0
103067,51200,286,1,1270.0
103068,50409,247,1,950.0
103069,50792,298,1,920.0
103070,51108,261,1,1190.0
103071,50222,284,2,1430.0
103072,51440,227,1,1110.0
103073,52493,296,4,970.0
103074,50618,242,1,120.0
103075,51349,252,1,650.0
103076,52214,293,4,1130.0
103077,51037,248,2,150.0
103078,52413,232,2,740.0
103079,50225,224,1,990.0
103080,52242,203,2,750.0
103081,50057,227,1,1110.0
103082,52261,273,1,870.0
103083,51404,240,1,610.0
103084,50117,223,1,920.0
103085,50410,207,2,890.0
103086,51917,281,1,1020.0
103087,51984,237,1,1360.0
103088,52052,207,1,890.0
103089,50023,294,1,840.0
103090,50745,277,1,380.0
103091,50602,282,1,1210.0
103092,50970,295,1,1100.0
103093,51179,222,1,220.0
103094,51843,278,5,890.0
103095,52255,282,1,1210.0
103096,50081,299,1,140.0
103097,50483,217,2,170.0
103098,51431,219,1,1200.0
103099,50033,295,3,1100.0
103100,52083,239,1,790.0
103101,51273,236,3,120.0
103102,50280,215,1,270.0
103103,52008,263,1,330.0
103104,52200,229,1,780.0
103105,51683,260,1,550.0
103106,51575,256,2,1110.0
103107,50701,240,1,610.0
103108,51780,216,1,1420.0
103109,51019,233,1,260.0
103110,51254,289,2,1380.0
103111,50665,216,2,1420.0
103112,51312,230,1,810.0
103113,51419,298,1,920.0
103114,51057,266,1,380.0
103115,51939,244,1,560.0
103116,51387,238,1,1370.0
103117,51135,251,1,520.0
103118,51145,260,5,550.0
103119,52064,218,3,940.0
103120,50739,205,1,350.0
103121,51547,240,1,610.0
103122,52146,206,5,140.0
103123,52164,276,1,830.0
103124,51495,212,1,420.0
103125,51463,212,3,420.0
103126,50349,273,1,870.0
103127,50232,222,1,220.0
103128,51997,249,1,1040.0
103129,51557,250,1,700.0
103130,52333,280,1,420.0
103131,51971,204,1,1080.0
103132,51657,250,1,700.0
103133,51943,203,5,750.0
103134,50545,216,1,1420.0
103135,50392,214,1,550.0
103136,51194,264,1,980.0
103137,52125,241,1,1310.0
103138,51989,268,2,1390.0
103139,50297,259,1,1000.0
103140,52378,202,1,1310.0
103141,51087,210,1,1490.0
103142,50270,275,1,450.0
103143,52264,290,1,550.0
103144,51099,226,1,410.0
103145,51710,204,1,1080.0
103146,50510,290,5,550.0
103147,51117,228,2,1390.0
103148,51077,202,2,1310.0
103149,50496,266,3,380.0
103150,50094,216,2,1420.0
103151,50625,257,3,730.0
103152,50229,223,1,920.0
103153,52298,223,1,920.0
103154,51415,277,2,380.0
103155,50721,221,1,140.0
103156,50980,225,1,780.0
103157,52230,258,1,990.0
103158,50267,237,1,1360.0
103159,51004,249,1,1040.0
103160,50281,277,1,380.0
103161,50962,215,1,270.0
103162,51107,228,3,1390.0
103163,51210,267,2,1160.0
103164,51372,287,2,180.0
103165,50423,204,3,1080.0
103166,52006,247,1,950.0
103167,50454,250,1,700.0
103168,52315,260,1,550.0
103169,50507,262,4,1040.0
103170,51166,267,1,1160.0
103171,50316,272,2,650.0
103172,51700,243,1,1030.0
103173,50764,289,4,1380.0
103174,51256,258,1,990.0
103175,50898,252,2,650.0
103176,50953,276,1,830.0
103177,51596,269,1,1490.0
103178,52070,297,1,1370.0
103179,50384,246,5,1000.0
103180,50103,225,1,780.0
103181,50900,225,4,780.0
103182,50110,235,2,1380.0
103183,51496,261,2,1190.0
103184,50670,215,1,270.0
103185,50384,290,1,550.0
103186,52021,274,1,800.0
103187,52238,288,4,300.0
103188,50762,235,4,1380.0
103189,52408,229,2,780.0
103190,50886,238,1,1370.0
103191,52127,269,1,1490.0
103192,51236,224,5,990.0
103193,51015,219,1,1200.0
103194,51469,246,2,1000.0
103195,52197,249,1,1040.0
103196,50010,244,1,560.0
103197,51566,273,2,870.0
103198,50792,226,1,410.0
103199,51968,225,1,780.0
103200,51079,235,4,1380.0
103201,51663,236,1,120.0
103202,52228,214,2,550.0
103203,50744,256,2,1110.0
103204,52429,206,1,140.0
103205,50451,232,1,740.0
103206,51117,226,1,410.0
103207,52442,215,1,270.0
103208,51355,249,1,1040.0
103209,51732,295,2,1100.0
103210,52481,256,1,1110.0
103211,51187,237,1,1360.0
103212,50908,253,1,1230.0
103213,52133,258,1,990.0
103214,51749,283,1,1320.0
103215,51115,278,2,890.0
103216,51508,236,1,120.0
103217,51277,211,1,1390.0
103218,51814,227,1,1110.0
103219,51679,202,1,1310.0
103220,51268,222,1,220.0
103221,52318,266,3,380.0
103222,51064,284,1,1430.0
103223,51634,217,1,170.0
103224,51057,204,1,1080.0
103225,50450,214,1,550.0
103226,51873,207,1,890.0
103227,50625,279,1,1110.0
103228,51970,294,1,840.0
103229,50885,216,1,1420.0
103230,50319,266,1,380.0
103231,51396,219,1,1200.0
103232,51375,201,1,810.0
103233,51347,231,3,1200.0
103234,50488,204,1,1080.0
103235,50451,291,3,710.0
103236,50353,258,1,990.0
103237,51140,256,1,1110.0
103238,51941,253,1,1230.0
103239,52368,289,2,1380.0
103240,52133,286,1,1270.0
103241,50248,243,1,1030.0
103242,50568,274,1,800.0
103243,50684,297,1,1370.0
103244,50644,249,1,1040.0
103245,50479,260,1,550.0
103246,50368,294,1,840.0
103247,51845,294,1,840.0
103248,50357,216,1,1420.0
103249,52456,273,1,870.0
103250,51369,281,1,1020.0
103251,52227,299,1,140.0
103252,51467,260,1,550.0
103253,51843,247,1,950.0
103254,52415,215,1,270.0
103255,51060,263,1,330.0
103256,51645,228,1,1390.0
103257,50828,220,1,660.0
103258,51170,297,1,1370.0
103259,51812,263,1,330.0
103260,51925,233,1,260.0
103261,52194,236,1,120.0
103262,52428,213,4,330.0
103263,50168,262,1,1040.0
103264,50087,268,1,1390.0
103265,50154,223,1,920.0
103266,50315,272,1,650.0
103267,51855,213,4,330.0
103268,50723,288,3,300.0
103269,51982,240,2,610.0
103270,51854,230,4,810.0
103271,51730,294,1,840.0
103272,52310,225,1,780.0
103273,52491,297,3,1370.0
103274,51129,273,1,870.0
103275,52024,226,4,410.0
103276,50350,224,1,990.0
103277,50824,297,1,1370.0
103278,50438,239,4,790.0
103279,52005,289,1,1380.0
103280,50169,279,2,1110.0
103281,50023,261,1,1190.0
103282,50281,249,1,1040.0
103283,52301,241,4,1310.0
103284,50404,270,1,1420.0
103285,52181,220,1,660.0
103286,50232,244,1,560.0
103287,50079,216,3,1420.0
103288,51059,221,2,140.0
103289,51134,215,1,270.0
103290,51345,239,1,790.0
103291,52376,242,2,120.0
103292,52432,261,2,1190.0
103293,51388,204,1,1080.0
103294,51640,224,1,990.0
103295,51438,203,2,750.0
103296,50547,201,1,810.0
103297,51730,294,4,840.0
103298,52440,213,1,330.0
103299,51317,254,1,560.0
103300,51109,282,1,1210.0
103301,50909,240,4,610.0
103302,51225,211,1,1390.0
103303,50685,242,1,120.0
103304,52345,293,1,1130.0
103305,52104,204,3,1080.0
103306,51676,225,1,780.0
103307,52114,236,1,120.0
103308,50958,264,1,980.0
103309,51683,244,1,560.0
103310,51933,240,1,610.0
103311,51605,292,1,110.0
103312,50702,245,1,840.0
103313,50821,208,2,1150.0
103314,50888,285,2,170.0
103315,51920,235,3,1380.0
103316,51329,244,1,560.0
103317,52225,218,2,940.0
103318,52243,247,1,950.0
103319,50876,225,1,780.0
103320,50166,241,1,1310.0
103321,51174,205,1,350.0
103322,50557,264,1,980.0
103323,51198,262,1,1040.0
103324,52215,272,1,650.0
103325,50709,287,1,180.0
103326,50718,203,1,750.0
103327,51604,237,1,1360.0
103328,52145,295,1,1100.0
103329,52452,293,1,1130.0
103330,51101,241,1,1310.0
103331,52020,220,1,660.0
103332,51261,267,1,1160.0
103333,50291,287,2,180.0
103334,52184,240,1,610.0
103335,52415,285,1,170.0
103336,52296,277,2,380.0
103337,51238,208,1,1150.0
103338,52118,205,1,350.0
103339,50746,225,1,780.0
103340,52377,239,1,790.0
103341,51198,237,1,1360.0
103342,50699,205,2,350.0
103343,52322,208,1,1150.0
103344,50524,204,1,1080.0
103345,51846,241,1,1310.0
103346,52267,260,2,550.0
103347,51024,254,3,560.0
103348,52011,222,1,220.0
103349,50464,278,1,890.0
103350,51665,219,1,1200.0
103351,50451,277,1,380.0
103352,51420,299,1,140.0
103353,51916,268,1,1390.0
103354,50924,233,4,260.0
103355,50316,222,1,220.0
103356,50671,265,1,460.0
103357,50698,211,1,1390.0
103358,50993,216,1,1420.0
103359,51377,268,1,1390.0
103360,51263,293,2,1130.0
103361,51128,244,1,560.0
103362,50907,288,5,300.0
103363,51053,209,1,200.0
103364,50089,272,1,650.0
103365,52423,278,1,890.0
103366,51587,279,1,1110.0
103367,50364,262,1,1040.0
103368,52195,286,1,1270.0
103369,50314,215,1,270.0
103370,50548,206,3,140.0
103371,50796,201,1,810.0
103372,51530,220,1,660.0
103373,51510,236,1,120.0
103374,52149,202,1,1310.0
103375,50107,270,1,1420.0
103376,50857,202,1,1310.0
103377,50291,203,1,750.0
103378,51373,207,1,890.0
103379,50617,284,2,1430.0
103380,51757,264,2,980.0
103381,51251,241,1,1310.0
103382,50977,254,1,560.0
103383,52037,241,2,1310.0
103384,51612,205,1,350.0
103385,51791,289,1,1380.0
103386,50868,282,2,1210.0
103387,50158,263,1,330.0
103388,50328,201,2,810.0
103389,51478,225,1,780.0
103390,52375,281,1,1020.0
103391,50870,246,1,1000.0
103392,51131,215,2,270.0
103393,50241,269,1,1490.0
103394,52483,217,1,170.0
103395,51388,221,2,140.0
103396,51749,253,3,1230.0
103397,51557,255,2,400.0
103398,51691,287,1,180.0
103399,51563,210,3,1490.0
103400,50413,281,1,1020.0
103401,51959,257,1,730.0
103402,50569,265,3,460.0
103403,51655,237,1,1360.0
103404,51600,207,1,890.0
103405,50151,276,1,830.0
103406,52273,240,2,610.0
103407,51284,250,1,700.0
103408,50256,201,1,810.0
103409,52109,220,1,660.0
103410,51796,231,1,1200.0
103411,52444,268,2,1390.0
103412,51421,290,1,550.0
103413,51186,212,1,420.0
103414,52428,222,2,220.0
103415,50349,201,1,810.0
103416,52079,201,1,810.0
103417,52119,203,1,750.0
103418,50397,276,2,830.0
103419,52050,221,1,140.0
103420,51159,213,1,330.0
103421,50146,261,1,1190.0
103422,52227,213,1,330.0
103423,50264,282,2,1210.0
103424,51335,233,2,260.0
103425,50204,206,1,140.0
103426,51835,225,1,780.0
103427,52107,223,2,920.0
103428,50988,288,1,300.0
103429,51348,226,1,410.0
103430,52215,204,3,1080.0
103431,51361,235,1,1380.0
103432,51727,275,1,450.0
103433,52290,225,1,780.0
103434,51981,220,2,660.0
103435,51690,201,1,810.0
103436,50908,294,2,840.0
103437,51184,268,4,1390.0
103438,51259,223,4,920.0
103439,51477,299,3,140.0
103440,50199,222,1,220.0
103441,51501,295,3,1100.0
103442,51057,262,1,1040.0
103443,52456,201,3,810.0
103444,51113,259,1,1000.0
103445,52269,268,1,1390.0
103446,51261,219,1,1200.0
103447,51184,230,2,810.0
103448,51856,201,1,810.0
103449,51314,248,1,150.0
103450,51903,219,2,1200.0
103451,50578,252,1,650.0
103452,50335,285,1,170.0
103453,51021,222,1,220.0
103454,52294,250,1,700.0
103455,51347,266,1,380.0
103456,51963,206,4,140.0
103457,50611,264,1,980.0
103458,50329,221,1,140.0
103459,50547,297,1,1370.0
103460,50339,219,4,1200.0
103461,50807,291,1,710.0
103462,51034,237,1,1360.0
103463,50430,263,1,330.0
103464,51531,229,2,780.0
103465,50806,260,3,550.0
103466,51697,292,1,110.0
103467,51613,234,1,890.0
103468,52083,201,1,810.0
103469,51999,248,1,150.0
103470,50557,289,1,1380.0
103471,51686,221,1,140.0
103472,50491,234,1,890.0
103473,51604,226,2,410.0
103474,50254,236,1,120.0
103475,50017,299,1,140.0
103476,50261,223,1,920.0
103477,51849,281,1,1020.0
103478,51280,247,1,950.0
103479,51887,276,1,830.0
103480,51448,244,2,560.0
103481,50501,220,4,660.0
103482,51016,227,2,1110.0
103483,52334,261,1,1190.0
103484,52055,237,4,1360.0
103485,51223,284,1,1430.0
103486,52040,252,1,650.0
103487,51686,275,1,450.0
103488,52100,292,1,110.0
103489,52291,262,3,1040.0
103490,51243,266,1,380.0
103491,50109,224,1,990.0
103492,50921,280,1,420.0
103493,50066,212,2,420.0
103494,50202,216,2,1420.0
103495,51818,236,1,120.0
103496,50214,202,1,1310.0
103497,52116,289,2,1380.0
103498,50327,262,1,1040.0
103499,51074,264,1,980.0
103500,51041,229,1,780.0
103501,50523,292,1,110.0
103502,50988,274,1,800.0
103503,51004,287,1,180.0
103504,50504,296,1,970.0
103505,51249,231,3,1200.0
103506,50756,283,1,1320.0
103507,51342,215,1,270.0
103508,51868,255,1,400.0
103509,51915,233,1,260.0
103510,51382,281,1,1020.0
103511,51507,252,5,650.0
103512,51453,220,1,660.0
103513,51521,273,1,870.0
103514,51595,238,1,1370.0
103515,51888,203,1,750.0
103516,51324,254,5,560.0
103517,52132,266,1,380.0
103518,52425,218,2,940.0
103519,51653,287,5,180.0
103520,51344,283,1,1320.0
103521,52252,207,1,890.0
103522,51379,235,1,1380.0
103523,51009,284,2,1430.0
103524,51318,284,1,1430.0
103525,50539,283,1,1320.0
103526,50017,280,1,420.0
103527,50575,285,1,170.0
103528,51803,293,3,1130.0
103529,51063,260,1,550.0
103530,50130,224,1,990.0
103531,52163,293,1,1130.0
103532,51474,295,1,1100.0
103533,50950,239,1,790.0
103534,51069,212,1,420.0
103535,50216,294,1,840.0
103536,51624,253,1,1230.0
103537,51439,264,1,980.0
103538,51003,204,1,1080.0
103539,52313,294,2,840.0
103540,51947,205,3,350.0
103541,51464,216,1,1420.0
103542,50617,227,1,1110.0
103543,51870,204,3,1080.0
103544,50301,272,1,650.0
103545,50985,248,4,150.0
103546,51195,208,3,1150.0
103547,50406,281,1,1020.0
103548,50161,246,1,1000.0
103549,51819,244,1,560.0
103550,51576,267,1,1160.0
103551,50026,291,3,710.0
103552,50083,252,4,650.0
103553,50173,234,1,890.0
103554,50999,262,1,1040.0
103555,51709,221,1,140.0
103556,50006,224,1,990.0
103557,50525,244,1,560.0
103558,52111,241,4,1310.0
103559,52046,229,1,780.0
103560,50761,206,1,140.0
103561,50205,256,1,1110.0
103562,50897,214,1,550.0
103563,51789,250,1,700.0
103564,52088,278,1,890.0
103565,51189,252,1,650.0
103566,52036,288,2,300.0
103567,51553,277,1,380.0
103568,50877,201,1,810.0
103569,50825,212,2,420.0
103570,52446,224,2,990.0
103571,51483,237,1,1360.0
103572,51817,284,1,1430.0
103573,51102,270,2,1420.0
103574,50839,276,1,830.0
103575,50600,285,1,170.0
103576,51962,203,1,750.0
103577,50938,227,1,1110.0
103578,50425,253,1,1230.0
103579,52435,217,1,170.0
103580,52138,215,2,270.0
103581,52433,239,2,790.0
103582,50997,204,4,1080.0
103583,51268,217,1,170.0
103584,50422,211,1,1390.0
103585,51206,212,2,420.0
103586,51658,232,1,740.0
103587,52101,227,1,1110.0
103588,51014,244,1,560.0
103589,50685,243,1,1030.0
103590,52227,291,1,710.0
103591,50293,249,1,1040.0
103592,52423,293,4,1130.0
103593,51078,273,1,870.0
103594,50016,243,5,1030.0
103595,50176,203,2,750.0
103596,51564,229,1,780.0
103597,51430,285,2,170.0
103598,51491,235,1,1380.0
103599,51904,248,1,150.0
103600,50129,274,1,800.0
103601,50884,287,1,180.0
103602,51268,239,1,790.0
103603,50426,289,1,1380.0
103604,52402,224,1,990.0
103605,50750,220,1,660.0
103606,50744,215,1,270.0
103607,51027,285,1,170.0
103608,50479,276,1,830.0
103609,50976,218,3,940.0
103610,50044,260,1,550.0
103611,52203,287,2,180.0
103612,50947,293,1,1130.0
103613,51560,241,1,1310.0
103614,51940,269,1,1490.0
103615,50099,290,1,550.0
103616,50171,275,5,450.0
103617,50148,211,1,1390.0
103618,52171,256,1,1110.0
103619,50112,218,1,940.0
103620,51023,212,1,420.0
103621,50068,216,2,1420.0
103622,50828,227,1,1110.0
103623,51753,217,2,170.0
103624,51632,285,1,170.0
103625,51310,231,1,1200.0
103626,52278,235,1,1380.0
103627,50160,227,1,1110.0
103628,51785,287,2,180.0
103629,51809,232,1,740.0
103630,52234,217,1,170.0
103631,51014,211,4,1390.0
103632,50877,201,1,810.0
103633,50552,292,1,110.0
103634,51176,282,1,1210.0
103635,51164,249,1,1040.0
103636,51391,241,1,1310.0
103637,51152,220,1,660.0
103638,52195,271,3,1000.0
103639,51309,237,1,1360.0
103640,51493,216,2,1420.0
103641,51242,239,1,790.0
103642,50436,245,1,840.0
103643,50732,264,2,980.0
103644,51169,247,3,950.0
103645,51865,223,1,920.0
103646,51301,232,1,740.0
103647,51778,249,2,1040.0
103648,50060,281,4,1020.0
103649,51634,219,5,1200.0
103650,52452,298,1,920.0
103651,51138,278,1,890.0
103652,51519,267,1,1160.0
103653,50336,239,4,790.0
103654,50831,289,1,1380.0
103655,51593,260,1,550.0
103656,50285,211,4,1390.0
103657,52177,249,1,1040.0
103658,51916,215,2,270.0
103659,52002,283,1,1320.0
103660,52363,261,1,1190.0
103661,50960,243,1,1030.0
103662,51622,215,1,270.0
103663,50071,279,1,1110.0
103664,52393,279,1,1110.0
103665,51122,273,1,870.0
103666,51324,205,4,350.0
103667,52224,283,1,1320.0
103668,50884,288,1,300.0
103669,51099,229,1,780.0
103670,50143,262,1,1040.0
103671,51047,260,5,550.0
103672,52229,269,1,1490.0
103673,51069,222,1,220.0
103674,50092,213,3,330.0
103675,52082,250,1,700.0
103676,50678,247,1,950.0
103677,50382,229,3,780.0
103678,51704,280,2,420.0
103679,50966,217,1,170.0
103680,51180,220,1,660.0
103681,52435,278,3,890.0
103682,52248,206,1,140.0
103683,52323,222,2,220.0
103684,50501,209,4,200.0
103685,50459,232,1,740.0
103686,50050,288,1,300.0
103687,50970,233,1,260.0
103688,50988,277,1,380.0
103689,50532,299,1,140.0
103690,51004,270,4,1420.0
103691,51116,249,1,1040.0
103692,51480,230,1,810.0
103693,50339,216,2,1420.0
103694,51659,265,1,460.0
103695,51877,282,1,1210.0
103696,51874,286,1,1270.0
103697,52052,290,1,550.0
103698,51705,214,3,550.0
103699,50281,256,1,1110.0
103700,51314,237,1,1360.0
103701,52121,249,1,1040.0
103702,51161,278,2,890.0
103703,50971,290,4,550.0
103704,50998,250,1,700.0
103705,51417,236,2,120.0
103706,50208,252,1,650.0
103707,50260,223,1,920.0
103708,50930,266,2,380.0
103709,50263,271,1,1000.0
103710,50783,245,1,840.0
103711,50505,286,1,1270.0
103712,51574,228,1,1390.0
103713,50203,220,1,660.0
103714,51760,249,1,1040.0
103715,52014,257,1,730.0
103716,52100,282,1,1210.0
103717,51380,288,1,300.0
103718,52411,297,1,1370.0
103719,50045,259,2,1000.0
103720,51402,226,1,410.0
103721,50789,219,4,1200.0
103722,51436,213,3,330.0
103723,52190,274,1,800.0
103724,52085,262,1,1040.0
103725,52093,214,1,550.0
103726,51656,273,1,870.0
103727,51070,211,1,1390.0
103728,51676,267,1,1160.0
103729,50301,212,1,420.0
103730,50288,235,3,1380.0
103731,50786,239,3,790.0
103732,52317,232,1,740.0
103733,51266,214,1,550.0
103734,51806,265,1,460.0
103735,52402,227,1,1110.0
103736,51820,260,2,550.0
103737,50071,243,2,1030.0
103738,50835,265,1,460.0
103739,52461,255,1,400.0
103740,50612,293,1,1130.0
103741,51417,288,4,300.0
103742,51329,281,1,1020.0
103743,50191,235,1,1380.0
103744,51748,295,2,1100.0
103745,52126,232,2,740.0
103746,51582,219,3,1200.0
103747,51629,295,1,1100.0
103748,50889,239,1,790.0
103749,50017,220,1,660.0
103750,50815,228,3,1390.0
103751,51598,203,2,750.0
103752,52482,232,2,740.0
103753,51067,286,1,1270.0
103754,52260,258,2,990.0
103755,52251,254,1,560.0
103756,52026,242,1,120.0
103757,50109,215,1,270.0
103758,50284,283,1,1320.0
103759,51961,262,1,1040.0
103760,51630,231,3,1200.0
103761,50737,261,2,1190.0
103762,51142,226,1,410.0
103763,50932,269,1,1490.0
103764,50603,257,1,730.0
103765,51364,220,1,660.0
103766,51825,266,1,380.0
103767,50491,221,3,140.0
103768,52067,260,1,550.0
103769,51199,263,2,330.0
103770,51642,251,2,520.0
103771,50801,292,1,110.0
103772,50760,284,1,1430.0
103773,51166,239,2,790.0
103774,51487,211,1,1390.0
103775,52346,257,3,730.0
103776,51494,203,2,750.0
103777,50705,237,1,1360.0
103778,50815,284,5,1430.0
103779,50803,296,1,970.0
103780,50373,225,3,780.0
103781,51492,221,1,140.0
103782,51462,280,2,420.0
103783,52491,242,1,120.0
103784,52190,201,2,810.0
103785,52450,223,1,920.0
103786,50823,224,1,990.0
103787,50222,247,1,950.0
103788,51388,289,3,1380.0
103789,50994,207,1,890.0
103790,51212,238,1,1370.0
103791,52161,247,2,950.0
103792,51205,235,3,1380.0
103793,51926,278,1,890.0
103794,50598,262,3,1040.0
103795,50485,273,1,870.0
103796,51667,203,2,750.0
103797,52051,220,2,660.0
103798,51502,297,1,1370.0
103799,50662,244,1,560.0
103800,52115,232,1,740.0
103801,51555,226,1,410.0
103802,52020,248,3,150.0
103803,51342,205,1,350.0
103804,52146,259,4,1000.0
103805,51081,261,1,1190.0
103806,50088,249,4,1040.0
103807,52419,230,2,810.0
103808,52423,217,2,170.0
103809,50052,270,1,1420.0
103810,51748,258,1,990.0
103811,50041,263,1,330.0
103812,52139,261,1,1190.0
103813,50039,263,1,330.0
103814,52152,215,2,270.0
103815,52091,201,1,810.0
103816,50209,213,1,330.0
103817,50600,248,1,150.0
103818,50605,234,1,890.0
103819,51710,230,1,810.0
103820,52157,219,2,1200.0
103821,50214,264,1,980.0
103822,51628,266,2,380.0
103823,51717,257,1,730.0
103824,52457,244,2,560.0
103825,51577,212,1,420.0
103826,52125,240,2,610.0
103827,52143,224,1,990.0
103828,50269,211,1,1390.0
103829,52409,266,1,380.0
103830,50683,201,3,810.0
103831,50162,258,2,990.0
103832,50465,228,1,1390.0
103833,50823,268,1,1390.0
103834,52005,294,1,840.0
103835,52100,259,1,1000.0
103836,50488,271,1,1000.0
103837,52140,222,1,220.0
103838,50651,290,4,550.0
103839,52405,229,4,780.0
103840,51756,289,1,1380.0
103841,51635,274,1,800.0
103842,51772,284,1,1430.0
103843,50719,278,1,890.0
103844,51168,297,1,1370.0
103845,50199,269,1,1490.0
103846,51347,245,4,840.0
103847,51823,270,3,1420.0
103848,51356,286,1,1270.0
103849,52265,217,1,170.0
103850,51725,279,2,1110.0
103851,50803,239,2,790.0
103852,50701,240,1,610.0
103853,50503,228,2,1390.0
103854,50469,202,1,1310.0
103855,52010,282,1,1210.0
103856,51975,227,1,1110.0
103857,51730,221,3,140.0
103858,52414,287,1,180.0
103859,51937,207,1,890.0
103860,50624,261,2,1190.0
103861,50967,252,2,650.0
103862,50663,248,3,150.0
103863,50751,219,1,1200.0
103864,51873,273,5,870.0
103865,51419,212,1,420.0
103866,51099,294,1,840.0
103867,50383,271,1,1000.0
103868,51394,202,1,1310.0
103869,52357,217,1,170.0
103870,51653,275,3,450.0
103871,50176,276,1,830.0
103872,50228,203,1,750.0
103873,52395,221,1,140.0
103874,52039,278,1,890.0
103875,51366,279,1,1110.0
103876,51986,251,4,520.0
103877,51263,210,2,1490.0
103878,51636,255,4,400.0
103879,51021,236,1,120.0
103880,51712,251,1,520.0
103881,50350,274,1,800.0
103882,50441,217,2,170.0
103883,51612,289,1,1380.0
103884,51385,261,1,1190.0
103885,50288,291,1,710.0
103886,52056,297,1,1370.0
103887,52135,275,1,450.0
103888,50998,213,1,330.0
103889,52334,265,2,460.0
103890,51423,295,5,1100.0
103891,50074,297,1,1370.0
103892,51463,285,1,170.0
103893,52206,280,2,420.0
103894,50430,287,1,180.0
103895,51472,274,1,800.0
103896,50846,248,2,150.0
103897,51731,297,1,1370.0
103898,50036,286,1,1270.0
103899,51114,270,1,1420.0
103900,51021,247,1,950.0
103901,51439,210,1,1490.0
103902,51998,257,1,730.0
103903,51320,280,1,420.0
103904,50619,213,1,330.0
103905,50170,261,1,1190.0
103906,50146,258,1,990.0
103907,50868,284,1,1430.0
103908,50420,268,1,1390.0
103909,51996,284,1,1430.0
103910,51714,286,1,1270.0
103911,50573,229,1,780.0
103912,51960,216,1,1420.0
103913,51027,263,1,330.0
103914,51287,247,1,950.0
103915,50321,243,4,1030.0
103916,51600,223,1,920.0
103917,52294,230,1,810.0
103918,51613,257,1,730.0
103919,50477,230,2,810.0
103920,51827,267,1,1160.0
103921,50783,256,1,1110.0
103922,50533,224,1,990.0
103923,51363,277,1,380.0
103924,51948,296,3,970.0
103925,52285,276,4,830.0
103926,51165,208,1,1150.0
103927,51971,288,1,300.0
103928,50579,244,2,560.0
103929,51374,280,1,420.0
103930,51594,296,1,970.0
103931,51748,234,2,890.0
103932,52178,235,1,1380.0
103933,52034,296,4,970.0
103934,52059,250,1,700.0
103935,50257,217,1,170.0
103936,52417,202,1,1310.0
103937,51418,290,2,550.0
103938,51443,254,1,560.0
103939,50882,244,1,560.0
103940,50019,281,4,1020.0
103941,50110,249,1,1040.0
103942,51461,202,1,1310.0
103943,51058,272,1,650.0
103944,51312,270,1,1420.0
103945,51868,209,1,200.0
103946,51003,201,1,810.0
103947,50255,269,2,1490.0
103948,50638,209,1,200.0
103949,52043,214,2,550.0
103950,52182,227,1,1110.0
103951,50397,209,5,200.0
103952,51622,236,1,120.0
103953,50685,293,1,1130.0
103954,51857,284,1,1430.0
103955,52067,279,1,1110.0
103956,51011,203,1,750.0
103957,52167,223,1,920.0
103958,50302,273,1,870.0
103959,50227,230,1,810.0
103960,51531,219,1,1200.0
103961,51236,267,2,1160.0
103962,50356,250,2,700.0
103963,50701,248,1,150.0
103964,52271,203,1,750.0
103965,51784,298,1,920.0
103966,51587,266,3,380.0
103967,51215,227,3,1110.0
103968,51046,287,1,180.0
103969,51646,296,1,970.0
103970,51351,299,1,140.0
103971,50365,240,1,610.0
103972,51068,218,1,940.0
103973,50519,227,1,1110.0
103974,51627,211,1,1390.0
103975,51345,239,1,790.0
103976,52234,219,4,1200.0
103977,51646,289,1,1380.0
103978,50982,207,1,890.0
103979,52396,295,1,1100.0
103980,52037,257,1,730.0
103981,50922,202,3,1310.0
103982,50957,238,1,1370.0
103983,50361,205,1,350.0
103984,51311,278,1,890.0
103985,50182,282,1,1210.0
103986,51475,236,2,120.0
103987,52145,268,1,1390.0
103988,50563,288,1,300.0
103989,50314,277,1,380.0
103990,52069,285,1,170.0
103991,50403,257,1,730.0
103992,51148,297,1,1370.0
103993,50613,220,1,660.0
103994,51877,205,2,350.0
103995,51614,224,1,990.0
103996,50693,299,1,140.0
103997,51735,230,1,810.0
103998,51726,228,1,1390.0
103999,50840,253,1,1230.0
104000,52151,251,1,520.0
104001,52381,207,1,890.0
104002,51811,242,5,120.0
104003,50753,235,1,1380.0
104004,52182,294,2,840.0
104005,52473,234,2,890.0
104006,51459,273,5,870.0
104007,50937,276,1,830.0
104008,51342,254,3,560.0
104009,51694,229,4,780.0
104010,50505,210,1,1490.0
104011,52238,227,1,1110.0
104012,51970,283,1,1320.0
104013,50052,213,1,330.0
104014,51470,242,1,120.0
104015,51406,237,1,1360.0
104016,52422,261,2,1190.0
104017,52000,296,1,970.0
104018,52423,279,2,1110.0
104019,50389,221,1,140.0
104020,51673,203,1,750.0
104021,50674,208,1,1150.0
104022,51890,270,1,1420.0
104023,51503,293,2,1130.0
104024,52452,283,1,1320.0
104025,50593,217,1,170.0
104026,50083,210,3,1490.0
104027,52367,297,1,1370.0
104028,50414,213,2,330.0
104029,50198,291,1,710.0
104030,52307,212,1,420.0
104031,51713,266,1,380.0
104032,52346,274,5,800.0
104033,51304,285,1,170.0
104034,50300,223,3,920.0
104035,50129,265,5,460.0
104036,51907,297,1,1370.0
104037,52486,252,1,650.0
104038,51716,261,2,1190.0
104039,50207,226,1,410.0
104040,52025,215,1,270.0
104041,50294,222,1,220.0
104042,51964,289,2,1380.0
104043,51874,265,2,460.0
104044,52007,226,1,410.0
104045,52077,221,1,140.0
104046,52227,224,3,990.0
104047,52089,216,1,1420.0
104048,51216,232,2,740.0
104049,52392,216,1,1420.0
104050,51773,277,2,380.0
104051,50626,242,3,120.0
104052,50278,232,1,740.0
104053,50529,250,1,700.0
104054,52134,241,1,1310.0
104055,51925,224,1,990.0
104056,52365,213,1,330.0
104057,51881,275,1,450.0
104058,51926,279,1,1110.0
104059,50693,210,1,1490.0
104060,51361,242,2,120.0
104061,50863,241,1,1310.0
104062,52363,203,1,750.0
104063,50225,255,1,400.0
104064,51918,216,2,1420.0
104065,51968,244,1,560.0
104066,51957,281,1,1020.0
104067,51840,289,1,1380.0
104068,50068,230,2,810.0
104069,51643,299,2,140.0
104070,51021,237,1,1360.0
104071,51101,260,1,550.0
104072,51563,277,1,380.0
104073,51525,224,2,990.0
104074,51471,226,1,410.0
104075,51716,258,1,990.0
104076,51583,209,1,200.0
104077,51383,261,2,1190.0
104078,51301,219,1,1200.0
104079,51337,228,1,1390.0
104080,51243,207,1,890.0
104081,51706,245,1,840.0
104082,51902,286,1,1270.0
104083,51968,294,1,840.0
104084,52248,263,1,330.0
104085,52380,237,1,1360.0
104086,51680,216,1,1420.0
104087,51316,205,1,350.0
104088,52114,229,1,780.0
104089,50731,252,1,650.0
104090,50568,223,1,920.0
104091,52452,206,1,140.0
104092,51749,236,1,120.0
104093,51630,257,1,730.0
104094,50596,233,1,260.0
104095,50648,249,3,1040.0
104096,52194,241,1,1310.0
104097,51554,280,1,420.0
104098,50125,255,1,400.0
104099,51538,298,1,920.0
104100,51356,226,1,410.0
104101,50480,237,2,1360.0
104102,51002,277,1,380.0
104103,50712,217,1,170.0
104104,51971,296,2,970.0
104105,51422,232,1,740.0
104106,51818,228,1,1390.0
104107,50815,293,1,1130.0
104108,50056,225,1,780.0
104109,51655,247,1,950.0
104110,50132,222,1,220.0
104111,50231,291,1,710.0
104112,50395,261,3,1190.0
104113,50982,244,3,560.0
104114,50933,220,2,660.0
104115,51530,250,3,700.0
104116,51410,288,1,300.0
104117,50533,247,1,950.0
104118,50965,247,1,950.0
104119,52496,272,2,650.0
104120,52174,251,1,520.0
104121,50555,255,1,400.0
104122,52494,278,2,890.0
104123,51494,239,2,790.0
104124,50385,214,2,550.0
104125,50712,269,1,1490.0
104126,51472,247,1,950.0
104127,52500,221,1,140.0
104128,50654,215,1,270.0
104129,51143,297,1,1370.0
104130,51117,281,1,1020.0
104131,51609,284,1,1430.0
104132,50538,201,1,810.0
104133,51457,280,2,420.0
104134,51898,282,3,1210.0
104135,52193,210,1,1490.0
104136,51092,223,1,920.0
104137,50700,218,1,940.0
104138,51902,258,1,990.0
104139,52179,273,2,870.0
104140,50733,294,2,840.0
104141,51305,277,2,380.0
104142,51813,252,1,650.0
104143,51676,295,3,1100.0
104144,50513,246,1,1000.0
104145,50001,213,1,330.0
104146,51966,296,1,970.0
104147,50432,217,2,170.0
104148,52439,267,1,1160.0
104149,51290,261,1,1190.0
104150,50399,265,1,460.0
104151,50808,253,1,1230.0
104152,51280,205,1,350.0
104153,52443,232,1,740.0
104154,50952,289,1,1380.0
104155,52222,245,1,840.0
104156,51069,256,1,1110.0
104157,50855,205,1,350.0
104158,50745,287,1,180.0
104159,52098,276,2,830.0
104160,50243,234,1,890.0
104161,51164,261,1,1190.0
104162,51620,287,1,180.0
104163,50276,280,1,420.0
104164,50008,262,4,1040.0
104165,50715,269,1,1490.0
104166,51959,263,1,330.0
104167,52081,244,1,560.0
104168,50810,228,1,1390.0
104169,51473,270,1,1420.0
104170,50928,213,4,330.0
104171,50862,243,3,1030.0
104172,50037,230,1,810.0
104173,52082,226,1,410.0
104174,50455,281,2,1020.0
104175,50444,263,1,330.0
104176,50212,273,1,870.0
104177,51730,257,1,730.0
104178,50982,264,1,980.0
104179,52409,280,2,420.0
104180,52352,249,2,1040.0
104181,50296,252,4,650.0
104182,50152,263,1,330.0
104183,51970,282,3,1210.0
104184,51220,213,1,330.0
104185,50600,293,1,1130.0
104186,51323,288,1,300.0
104187,51553,245,1,840.0
104188,51512,246,1,1000.0
104189,52259,277,2,380.0
104190,50232,289,1,1380.0
104191,50367,241,1,1310.0
104192,50481,246,2,1000.0
104193,50572,201,3,810.0
104194,51203,273,1,870.0
104195,51508,268,1,1390.0
104196,51613,292,3,110.0
104197,51571,212,2,420.0
104198,50930,288,1,300.0
104199,51040,273,1,870.0
104200,51426,235,1,1380.0
104201,52342,299,3,140.0
104202,50171,233,1,260.0
104203,51056,258,1,990.0
104204,52311,235,3,1380.0
104205,51239,246,1,1000.0
104206,52007,284,3,1430.0
104207,50189,266,1,380.0
104208,50786,244,1,560.0
104209,50583,226,1,410.0
104210,51832,242,3,120.0
104211,50600,277,2,380.0
104212,50846,230,3,810.0
104213,52030,232,1,740.0
104214,51206,236,1,120.0
104215,52390,219,1,1200.0
104216,50954,222,1,220.0
104217,52070,265,1,460.0
104218,51098,257,3,730.0
104219,51626,211,1,1390.0
104220,51871,226,2,410.0
104221,50166,248,4,150.0
104222,52025,219,1,1200.0
104223,50234,283,3,1320.0
104224,51399,212,1,420.0
104225,51457,267,2,1160.0
104226,50641,256,1,1110.0
104227,51358,218,1,940.0
104228,51828,205,1,350.0
104229,50607,224,4,990.0
104230,50540,278,2,890.0
104231,51468,238,1,1370.0
104232,52366,267,5,1160.0
104233,50343,270,1,1420.0
104234,50637,276,3,830.0
104235,50079,252,1,650.0
104236,52497,275,1,450.0
104237,52330,239,1,790.0
104238,52105,259,1,1000.0
104239,50191,226,1,410.0
104240,50644,265,1,460.0
104241,51487,280,1,420.0
104242,52090,248,1,150.0
104243,51510,253,4,1230.0
104244,51217,209,1,200.0
104245,50790,205,1,350.0
104246,50742,272,1,650.0
104247,52213,261,1,1190.0
104248,50090,221,2,140.0
104249,51715,297,2,1370.0
104250,50987,263,1,330.0
104251,50648,220,1,660.0
104252,50819,258,2,990.0
104253,50243,245,3,840.0
104254,51900,222,1,220.0
104255,50219,277,1,380.0
104256,50009,275,1,450.0
104257,50430,282,1,1210.0
104258,50013,263,2,330.0
104259,51799,230,1,810.0
104260,50690,263,1,330.0
104261,51783,297,1,1370.0
104262,50677,244,1,560.0
104263,52232,267,1,1160.0
104264,51005,258,1,990.0
104265,50208,265,2,460.0
104266,51324,236,1,120.0
104267,51003,206,1,140.0
104268,51766,237,1,1360.0
104269,51554,293,1,1130.0
104270,51683,275,1,450.0
104271,52292,255,1,400.0
104272,51986,277,2,380.0
104273,50771,275,1,450.0
104274,50238,259,2,1000.0
104275,52393,238,1,1370.0
104276,52358,225,1,780.0
104277,51585,279,1,1110.0
104278,51308,277,1,380.0
104279,52086,233,1,260.0
104280,51820,213,1,330.0
104281,50032,238,1,1370.0
104282,50292,258,1,990.0
104283,50292,288,1,300.0
104284,51643,220,4,660.0
104285,51406,217,3,170.0
104286,50578,224,1,990.0
104287,51162,226,1,410.0
104288,51224,240,1,610.0
104289,50447,232,1,740.0
104290,50278,293,2,1130.0
104291,51825,278,1,890.0
104292,51423,237,1,1360.0
104293,50984,286,4,1270.0
104294,51573,298,2,920.0
104295,50059,291,2,710.0
104296,50459,292,3,110.0
104297,50104,286,2,1270.0
104298,50831,260,1,550.0
104299,50789,257,1,730.0
104300,52152,258,1,990.0
104301,50742,267,1,1160.0
104302,51573,222,2,220.0
104303,52349,258,1,990.0
104304,50555,285,1,170.0
104305,50628,280,1,420.0
104306,51108,273,1,870.0
104307,52408,277,3,380.0
104308,52135,274,1,800.0
104309,50428,249,1,1040.0
104310,52415,285,1,170.0
104311,52391,249,1,1040.0
104312,52395,242,2,120.0
104313,51827,240,1,610.0
104314,51945,271,4,1000.0
104315,52144,246,4,1000.0
104316,51878,222,5,220.0
104317,51160,282,1,1210.0
104318,51272,221,4,140.0
104319,50884,251,1,520.0
104320,50486,214,3,550.0
104321,51426,274,3,800.0
104322,50604,297,3,1370.0
104323,50412,209,2,200.0
104324,51995,218,1,940.0
104325,51932,213,1,330.0
104326,52496,217,1,170.0
104327,50247,287,2,180.0
104328,52469,225,1,780.0
104329,52172,254,1,560.0
104330,51623,216,1,1420.0
104331,52061,224,1,990.0
104332,50800,295,4,1100.0
104333,50945,275,1,450.0
104334,52248,223,2,920.0
104335,51266,241,1,1310.0
104336,51263,286,2,1270.0
104337,52351,233,1,260.0
104338,51189,242,1,120.0
104339,50176,248,3,150.0
104340,51053,218,1,940.0
104341,51318,263,1,330.0
104342,50477,278,1,890.0
104343,52431,292,1,110.0
104344,51716,211,1,1390.0
104345,51675,224,1,990.0
104346,50334,261,1,1190.0
104347,51272,264,1,980.0
104348,51265,236,1,120.0
104349,50931,283,1,1320.0
104350,50685,277,4,380.0
104351,50561,297,1,1370.0
104352,50123,253,3,1230.0
104353,51059,283,1,1320.0
104354,50840,247,1,950.0
104355,50416,252,1,650.0
104356,50708,296,1,970.0
104357,50347,279,1,1110.0
104358,52085,257,1,730.0
104359,51724,275,2,450.0
104360,50849,223,1,920.0
104361,50535,259,3,1000.0
104362,51730,269,4,1490.0
104363,51902,256,1,1110.0
104364,50664,286,1,1270.0
104365,51042,242,1,120.0
104366,50027,218,1,940.0
104367,51053,271,1,1000.0
104368,51675,233,2,260.0
104369,51659,203,5,750.0
104370,50640,228,2,1390.0
104371,51742,201,1,810.0
104372,50042,263,1,330.0
104373,51715,247,1,950.0
104374,52261,237,1,1360.0
104375,51987,286,1,1270.0
104376,50702,248,1,150.0
104377,51455,219,3,1200.0
104378,52128,214,2,550.0
104379,51252,267,1,1160.0
104380,52472,283,4,1320.0
104381,51997,297,1,1370.0
104382,50919,285,1,170.0
104383,50165,265,2,460.0
104384,51450,226,5,410.0
104385,51066,210,1,1490.0
104386,51821,299,1,140.0
104387,52464,277,2,380.0
104388,50336,270,1,1420.0
104389,51925,243,1,1030.0
104390,50881,270,1,1420.0
104391,51454,299,3,140.0
104392,50972,280,1,420.0
104393,50030,272,3,650.0
104394,51541,259,1,1000.0
104395,50575,203,1,750.0
104396,50221,205,4,350.0
104397,50827,285,1,170.0
104398,52014,295,1,1100.0
104399,51518,278,1,890.0
104400,50754,283,2,1320.0
104401,51277,237,1,1360.0
104402,51588,284,1,1430.0
104403,51021,252,1,650.0
104404,51489,266,1,380.0
104405,51962,263,1,330.0
104406,51863,207,2,890.0
104407,50438,297,1,1370.0
104408,50479,253,1,1230.0
104409,50783,206,1,140.0
104410,51008,207,3,890.0
104411,50072,244,1,560.0
104412,50582,218,1,940.0
104413,50220,254,2,560.0
104414,51028,229,1,780.0
104415,50290,283,1,1320.0
104416,50380,225,1,780.0
104417,51379,263,2,330.0
104418,51959,268,1,1390.0
104419,52128,213,2,330.0
104420,50066,232,1,740.0
104421,52184,227,1,1110.0
104422,50399,251,1,520.0
104423,50347,234,4,890.0
104424,51985,228,1,1390.0
104425,52107,273,1,870.0
104426,50778,272,1,650.0
104427,51904,285,1,170.0
104428,50079,230,1,810.0
104429,51582,293,1,1130.0
104430,51779,209,1,200.0
104431,52163,213,1,330.0
104432,50986,282,2,1210.0
104433,51486,264,5,980.0
104434,51650,238,1,1370.0
104435,52174,222,1,220.0
104436,51626,231,1,1200.0
104437,50965,299,1,140.0
104438,50829,242,1,120.0
104439,51198,262,1,1040.0
104440,52500,264,4,980.0
104441,51719,274,1,800.0
104442,52433,209,1,200.0
104443,51229,295,1,1100.0
104444,52411,244,1,560.0
104445,51841,263,3,330.0
104446,50498,240,1,610.0
104447,50537,288,4,300.0
104448,52064,241,1,1310.0
104449,51165,272,1,650.0
104450,51972,250,5,700.0
104451,50300,220,1,660.0
104452,52387,281,1,1020.0
104453,50303,292,2,110.0
104454,50592,270,1,1420.0
104455,50076,242,1,120.0
104456,50914,233,1,260.0
104457,50780,292,1,110.0
104458,50921,263,1,330.0
104459,51524,257,3,730.0
104460,51750,265,1,460.0
104461,52036,252,1,650.0
104462,52414,299,1,140.0
104463,51006,288,1,300.0
104464,51702,206,1,140.0
104465,52444,207,1,890.0
104466,50804,209,2,200.0
104467,51052,261,1,1190.0
104468,50872,280,1,420.0
104469,50115,234,1,890.0
104470,50373,235,1,1380.0
104471,50850,299,2,140.0
104472,52138,220,1,660.0
104473,50757,258,1,990.0
104474,51322,287,1,180.0
104475,50031,260,1,550.0
104476,51853,254,5,560.0
104477,52406,235,1,1380.0
104478,51806,247,1,950.0
104479,52318,246,1,1000.0
104480,51437,287,1,180.0
104481,52257,204,1,1080.0
104482,50690,210,3,1490.0
104483,51215,275,1,450.0
104484,50457,240,2,610.0
104485,50449,255,1,400.0
104486,50068,273,2,870.0
104487,51863,240,1,610.0
104488,51803,276,1,830.0
104489,51806,281,4,1020.0
104490,50874,296,1,970.0
104491,50467,223,1,920.0
104492,50128,215,3,270.0
104493,51800,292,1,110.0
104494,50733,205,1,350.0
104495,51268,240,2,610.0
104496,51929,218,5,940.0
104497,51043,221,2,140.0
104498,51420,279,1,1110.0
104499,50368,203,1,750.0
104500,52106,246,2,1000.0
104501,52096,290,1,550.0
104502,50812,279,3,1110.0
104503,50059,253,1,1230.0
104504,50161,220,1,660.0
104505,50103,259,1,1000.0
104506,50846,221,4,140.0
104507,50412,290,1,550.0
104508,50786,287,4,180.0
104509,50183,251,4,520.0
104510,52465,225,3,780.0
104511,52047,268,3,1390.0
104512,52447,210,3,1490.0
104513,50957,286,2,1270.0
104514,50437,267,1,1160.0
104515,52366,283,1,1320.0
104516,51840,295,1,1100.0
104517,50606,209,1,200.0
104518,51471,229,1,780.0
104519,50497,237,1,1360.0
104520,51367,271,3,1000.0
104521,52475,238,1,1370.0
104522,51852,288,1,300.0
104523,51023,272,2,650.0
104524,52288,298,1,920.0
104525,52251,259,1,1000.0
104526,51773,257,3,730.0
104527,51490,290,1,550.0
104528,51320,260,1,550.0
104529,52335,228,1,1390.0
104530,52121,228,1,1390.0
104531,50337,246,2,1000.0
104532,50203,271,1,1000.0
104533,50231,267,4,1160.0
104534,52328,286,1,1270.0
104535,50809,255,1,400.0
104536,51329,238,3,1370.0
104537,50466,218,4,940.0
104538,51198,276,1,830.0
104539,50804,295,1,1100.0
104540,50266,263,2,330.0
104541,52295,205,1,350.0
104542,52126,244,1,560.0
104543,51671,229,2,780.0
104544,52301,214,1,550.0
104545,50176,258,1,990.0
104546,51445,244,1,560.0
104547,51596,218,3,940.0
104548,50254,207,1,890.0
104549,51544,287,2,180.0
104550,50903,297,1,1370.0
104551,52155,262,1,1040.0
104552,51195,245,1,840.0
104553,52106,216,1,1420.0
104554,51361,264,1,980.0
104555,50084,237,1,1360.0
104556,51141,225,2,780.0
104557,50712,209,2,200.0
104558,51558,255,1,400.0
104559,51762,228,2,1390.0
104560,51941,209,1,200.0
104561,51807,212,1,420.0
104562,50901,218,1,940.0
104563,50657,291,1,710.0
104564,50659,290,1,550.0
104565,50851,256,1,1110.0
104566,52314,290,1,550.0
104567,50141,274,1,800.0
104568,52454,258,4,990.0
104569,52341,281,2,1020.0
104570,51930,251,1,520.0
104571,51055,232,4,740.0
104572,52403,288,1,300.0
104573,52253,248,2,150.0
104574,51502,208,1,1150.0
104575,52339,230,1,810.0
104576,50111,226,1,410.0
104577,51092,224,1,990.0
104578,51719,227,1,1110.0
104579,52421,279,1,1110.0
104580,50196,292,1,110.0
104581,50126,275,1,450.0
104582,50262,239,2,790.0
104583,50924,266,1,380.0
104584,51822,251,2,520.0
104585,52203,273,1,870.0
104586,51605,250,1,700.0
104587,50108,245,1,840.0
104588,52083,287,3,180.0
104589,50655,233,1,260.0
104590,52014,219,1,1200.0
104591,50998,213,1,330.0
104592,52464,278,1,890.0
104593,50285,296,1,970.0
104594,51471,222,1,220.0
104595,50027,220,3,660.0
104596,52275,297,2,1370.0
104597,51592,205,4,350.0
104598,51392,284,1,1430.0
104599,50848,278,1,890.0
104600,51129,291,1,710.0
104601,50018,290,4,550.0
104602,52091,232,1,740.0
104603,52137,230,1,810.0
104604,50157,291,3,710.0
104605,51290,226,1,410.0
104606,52182,282,1,1210.0
104607,51625,287,1,180.0
104608,51772,288,1,300.0
104609,51156,204,3,1080.0
104610,51058,267,1,1160.0
104611,52131,243,1,1030.0
104612,51156,230,1,810.0
104613,50204,216,1,1420.0
104614,51823,271,1,1000.0
104615,51360,239,1,790.0
104616,50962,286,1,1270.0
104617,50442,241,1,1310.0
104618,51316,231,2,1200.0
104619,51149,249,1,1040.0
104620,51687,213,2,330.0
104621,50871,241,1,1310.0
104622,51199,293,1,1130.0
104623,51908,228,4,1390.0
104624,51516,264,1,980.0
104625,50080,219,1,1200.0
104626,51329,287,1,180.0
104627,51368,272,1,650.0
104628,50570,225,1,780.0
104629,51115,238,1,1370.0
104630,52217,299,1,140.0
104631,52284,290,1,550.0
104632,50399,203,2,750.0
104633,50821,202,1,1310.0
104634,50845,205,1,350.0
104635,51277,261,1,1190.0
104636,50358,220,1,660.0
104637,51423,276,1,830.0
104638,50521,238,1,1370.0
104639,50393,280,1,420.0
104640,51667,236,2,120.0
104641,51396,246,2,1000.0
104642,52201,293,1,1130.0
104643,50893,299,3,140.0
104644,50984,237,2,1360.0
104645,50583,254,1,560.0
104646,51956,221,4,140.0
104647,50020,221,1,140.0
104648,51974,292,1,110.0
104649,52276,270,1,1420.0
104650,50019,284,3,1430.0
104651,52492,260,1,550.0
104652,52416,236,1,120.0
104653,51643,277,1,380.0
104654,50889,211,1,1390.0
104655,51884,288,1,300.0
104656,50726,283,2,1320.0
104657,50147,287,1,180.0
104658,51717,231,1,1200.0
104659,51528,237,2,1360.0
104660,52478,260,1,550.0
104661,50848,261,1,1190.0
104662,51464,267,1,1160.0
104663,52246,298,3,920.0
104664,51311,229,1,780.0
104665,50565,267,1,1160.0
104666,50369,279,1,1110.0
104667,51264,271,2,1000.0
104668,51311,267,1,1160.0
104669,51819,216,1,1420.0
104670,51888,245,1,840.0
104671,50060,234,1,890.0
104672,50545,284,1,1430.0
104673,52351,244,1,560.0
104674,51268,297,2,1370.0
104675,51708,278,4,890.0
104676,51231,242,1,120.0
104677,52331,235,1,1380.0
104678,51046,275,1,450.0
104679,50559,284,2,1430.0
104680,52397,230,1,810.0
104681,51513,253,1,1230.0
104682,51968,258,2,990.0
104683,50670,228,2,1390.0
104684,50258,215,1,270.0
104685,51071,238,1,1370.0
104686,51051,250,1,700.0
104687,51051,213,1,330.0
104688,52005,235,2,1380.0
104689,50145,224,1,990.0
104690,50801,265,1,460.0
104691,51486,288,2,300.0
104692,52430,291,1,710.0
104693,50673,218,1,940.0
104694,50327,258,1,990.0
104695,51415,226,3,410.0
104696,50630,229,1,780.0
104697,52020,272,1,650.0
104698,52132,244,1,560.0
104699,52194,290,2,550.0
104700,52029,205,1,350.0
104701,51195,233,1,260.0
104702,52025,205,5,350.0
104703,51358,236,3,120.0
104704,52472,277,4,380.0
104705,51550,281,1,1020.0
104706,50569,213,3,330.0
104707,52395,225,1,780.0
104708,51946,258,1,990.0
104709,50347,202,1,1310.0
104710,50408,288,1,300.0
104711,50133,236,1,120.0
104712,50614,225,1,780.0
104713,50106,234,2,890.0
104714,52219,212,1,420.0
104715,50262,219,1,1200.0
104716,50494,294,1,840.0
104717,51475,237,3,1360.0
104718,50290,201,1,810.0
104719,51869,260,1,550.0
104720,51338,267,1,1160.0
104721,52133,249,3,1040.0
104722,51439,290,1,550.0
104723,51353,279,1,1110.0
104724,50045,246,1,1000.0
104725,50815,248,3,150.0
104726,52381,292,1,110.0
104727,50465,268,1,1390.0
104728,50200,219,1,1200.0
104729,50329,288,4,300.0
104730,52288,240,1,610.0
104731,51908,206,1,140.0
104732,50798,280,1,420.0
104733,50702,296,1,970.0
104734,52022,294,1,840.0
104735,51925,263,1,330.0
104736,52408,235,4,1380.0
104737,51402,272,1,650.0
104738,52433,261,3,1190.0
104739,52413,205,1,350.0
104740,52120,237,4,1360.0
104741,51438,276,1,830.0
104742,50127,289,1,1380.0
104743,51511,297,1,1370.0
104744,51621,288,2,300.0
104745,50482,211,2,1390.0
104746,51336,299,1,140.0
104747,50283,240,1,610.0
104748,52122,265,1,460.0
104749,52395,208,1,1150.0
104750,52045,287,1,180.0
104751,52372,284,1,1430.0
104752,50239,296,1,970.0
104753,51421,211,2,1390.0
104754,52385,271,2,1000.0
104755,50341,258,1,990.0
104756,50892,294,2,840.0
104757,51487,248,1,150.0
104758,50462,213,2,330.0
104759,51317,260,1,550.0
104760,50798,249,2,1040.0
104761,50733,267,1,1160.0
104762,50162,207,1,890.0
104763,52496,277,1,380.0
104764,51479,225,1,780.0
104765,52313,223,1,920.0
104766,51010,251,1,520.0
104767,50132,247,2,950.0
104768,51858,297,1,1370.0
104769,52168,205,1,350.0
104770,51916,296,1,970.0
104771,51243,294,1,840.0
104772,50672,295,1,1100.0
104773,50505,213,3,330.0
104774,52157,242,1,120.0
104775,51262,205,1,350.0
104776,50293,223,1,920.0
104777,52011,262,1,1040.0
104778,50828,201,1,810.0
104779,50187,274,1,800.0
104780,51060,291,4,710.0
104781,52304,254,1,560.0
104782,51459,272,1,650.0
104783,51643,203,1,750.0
104784,51032,283,3,1320.0
104785,51202,264,2,980.0
104786,52089,251,1,520.0
104787,52161,202,4,1310.0
104788,50854,249,1,1040.0
104789,52126,231,1,1200.0
104790,50719,274,2,800.0
104791,51847,280,2,420.0
104792,50878,284,3,1430.0
104793,50402,203,3,750.0
104794,50064,235,5,1380.0
104795,51449,298,1,920.0
104796,50373,285,1,170.0
104797,50306,236,1,120.0
104798,52257,264,2,980.0
104799,50932,232,1,740.0
104800,51991,218,1,940.0
104801,51416,234,2,890.0
104802,50362,256,4,1110.0
104803,51288,267,1,1160.0
104804,50716,253,1,1230.0
104805,51646,267,1,1160.0
104806,50543,291,1,710.0
104807,51548,266,1,380.0
104808,51663,264,3,980.0
104809,52242,267,1,1160.0
104810,50652,281,1,1020.0
104811,51051,239,1,790.0
104812,51070,238,1,1370.0
104813,50647,240,1,610.0
104814,51853,219,2,1200.0
104815,51082,283,2,1320.0
104816,50949,205,1,350.0
104817,50961,269,2,1490.0
104818,52097,214,1,550.0
104819,50803,291,1,710.0
104820,51681,249,1,1040.0
104821,51608,264,1,980.0
104822,51403,257,1,730.0
104823,52058,235,1,1380.0
104824,50726,285,1,170.0
104825,52272,205,1,350.0
104826,51405,288,1,300.0
104827,50203,239,1,790.0
104828,50942,224,1,990.0
104829,50589,240,1,610.0
104830,50571,250,1,700.0
104831,50196,277,2,380.0
104832,51346,258,1,990.0
104833,50418,201,1,810.0
104834,51643,243,1,1030.0
104835,51366,239,1,790.0
104836,50009,210,4,1490.0
104837,50532,202,1,1310.0
104838,50149,263,1,330.0
104839,52431,216,2,1420.0
104840,51553,237,1,1360.0
104841,51036,216,1,1420.0
104842,50476,287,2,180.0
104843,51618,290,3,550.0
104844,51980,280,1,420.0
104845,51077,227,1,1110.0
104846,50206,263,2,330.0
104847,50745,294,1,840.0
104848,50913,264,1,980.0
104849,50054,297,1,1370.0
104850,51604,232,1,740.0
104851,51827,209,1,200.0
104852,50344,211,1,1390.0
104853,51193,270,2,1420.0
104854,51933,230,1,810.0
104855,51185,215,1,270.0
104856,50703,259,1,1000.0
104857,51311,248,2,150.0
104858,51899,294,1,840.0
104859,52460,282,1,1210.0
104860,50199,276,1,830.0
104861,50389,260,1,550.0
104862,50474,268,4,1390.0
104863,51405,257,1,730.0
104864,50765,264,1,980.0
104865,51655,254,2,560.0
104866,50592,280,1,420.0
104867,51849,287,1,180.0
104868,51096,275,1,450.0
104869,50982,254,1,560.0
104870,50168,259,1,1000.0
104871,50284,288,1,300.0
104872,51199,286,1,1270.0
104873,51244,239,1,790.0
104874,50891,215,1,270.0
104875,52182,279,2,1110.0
104876,51655,274,2,800.0
104877,50122,228,1,1390.0
104878,50833,236,3,120.0
104879,51923,254,1,560.0
104880,51022,217,1,170.0
104881,51994,286,1,1270.0
104882,50895,287,1,180.0
104883,51516,293,1,1130.0
104884,50289,222,1,220.0
104885,51077,275,1,450.0
104886,51372,236,1,120.0
104887,51075,229,3,780.0
104888,50839,255,1,400.0
104889,50040,242,1,120.0
104890,52298,232,2,740.0
104891,52266,214,1,550.0
104892,50179,218,1,940.0
104893,50183,238,1,1370.0
104894,51760,234,2,890.0
104895,51188,245,2,840.0
104896,51770,287,1,180.0
104897,51401,232,1,740.0
104898,50705,267,1,1160.0
104899,50497,263,1,330.0
104900,50597,255,4,400.0
104901,50474,243,1,1030.0
104902,50685,222,1,220.0
104903,51061,287,1,180.0
104904,51623,268,1,1390.0
104905,51665,277,4,380.0
104906,50319,296,2,970.0
104907,51436,229,1,780.0
104908,52404,240,2,610.0
104909,51695,245,1,840.0
104910,51989,210,1,1490.0
104911,50229,277,1,380.0
104912,50729,245,1,840.0
104913,51288,217,1,170.0
104914,51511,202,1,1310.0
104915,50561,217,1,170.0
104916,51376,290,1,550.0
104917,51466,238,1,1370.0
104918,50025,237,1,1360.0
104919,51155,263,1,330.0
104920,50370,205,3,350.0
104921,51460,225,1,780.0
104922,51012,273,1,870.0
104923,50611,292,1,110.0
104924,51376,222,1,220.0
104925,51826,293,1,1130.0
104926,52036,263,1,330.0
104927,51221,235,1,1380.0
104928,52157,255,2,400.0
104929,51884,220,1,660.0
104930,51947,205,1,350.0
104931,50720,239,1,790.0
104932,51106,263,1,330.0
104933,51561,232,1,740.0
104934,52480,263,1,330.0
104935,51921,274,1,800.0
104936,50636,240,2,610.0
104937,51173,217,1,170.0
104938,51754,279,2,1110.0
104939,52415,273,1,870.0
104940,52462,232,1,740.0
104941,51927,223,1,920.0
104942,50356,275,1,450.0
104943,52059,260,1,550.0
104944,51440,277,3,380.0
104945,51595,282,1,1210.0
104946,51676,256,3,1110.0
104947,51871,209,2,200.0
104948,51146,269,1,1490.0
104949,52113,262,1,1040.0
104950,50125,264,1,980.0
104951,50312,222,2,220.0
104952,50775,232,3,740.0
104953,51474,247,1,950.0
104954,51832,202,1,1310.0
104955,50694,285,1,170.0
104956,51183,292,2,110.0
104957,51377,252,3,650.0
104958,51844,288,1,300.0
104959,50990,288,1,300.0
104960,51753,214,1,550.0
104961,52454,237,1,1360.0
104962,51717,227,2,1110.0
104963,51627,224,1,990.0
104964,50890,264,1,980.0
104965,51379,270,1,1420.0
104966,50489,226,1,410.0
104967,52287,254,1,560.0
104968,50180,215,2,270.0
104969,51443,229,1,780.0
104970,51708,274,1,800.0
104971,52365,228,1,1390.0
104972,51268,259,1,1000.0
104973,50232,273,1,870.0
104974,51813,221,1,140.0
104975,51613,210,1,1490.0
104976,51327,204,1,1080.0
104977,50331,262,2,1040.0
104978,50561,204,1,1080.0
104979,50248,206,1,140.0
104980,50283,290,1,550.0
104981,51311,280,2,420.0
104982,50940,272,1,650.0
104983,52080,292,1,110.0
104984,51524,216,1,1420.0
104985,50530,238,1,1370.0
104986,50381,249,2,1040.0
104987,50063,261,3,1190.0
104988,50128,265,1,460.0
104989,51552,283,2,1320.0
104990,52211,250,1,700.0
104991,50295,217,1,170.0
104992,50179,228,2,1390.0
104993,50229,244,1,560.0
104994,50883,212,1,420.0
104995,50394,270,3,1420.0
104996,50072,271,1,1000.0
104997,50318,272,1,650.0
104998,50595,203,1,750.0
104999,50379,249,2,1040.0
105000,50907,221,3,140.0
